Xco,Yco,VertRan,SlopeAvg,SlopeMa25,SlopeMa10,DistMSoil,SoilDMVL,SoilDMWT,CanopyCAvg,CanopyCMax,CanopyCMin,TreeInfLiv,TreeInfAll,BasalArea,CrownI,LitterI,SnowC0423,WatTab100,WatTab90,WatTab50,WatTab10,WatTab0,WatTabRan,WatTabHMi,WatTabLMa,WatTem0527,WatTem0826,WatpH0527,WatpH0826,WatECo0527,WatECo0826,WatO0527,WatO0826,SoilVolWt,SoilLossOI,SoilpHH2O,SoilpHKCl,SoilCEC,SoilBaSat,HumusC,HumusN,HumusP,HumusS,HumusExAc,HumusCa,HumusMg,HumusK,HumusNa,HumusBa,HumusFe,HumusMn,HumusSr,HumusZn,HumusAl,NVas,NMos,NSph,NHep,NCry,NTot,DCA1,DCA2,DCA3,DCA4,SSK1,SSK2,SSK3,SSK4,SSK5,SSK6,SSK7,SSK8,SSK9,SSK10
944.1,2.1,0.479,0.449,0.352,0.305,0.093,0.296,0.153,0.364,0.272,0.429,0.190,0.311,0.234,0.682,0.654,0.218,0.653,0.718,0.752,0.718,0.661,0.591,0.651,0.800,0.656,0.573,0.182,0.074,0.392,0.441,0.576,0.699,0.243,0.595,0.257,0.233,0.610,0.166,0.695,0.411,0.005,0.365,0.747,0.383,0.407,0.502,0.146,0.282,0.849,0.597,0.371,0.468,0.795,0.662,0.307,0.526,0.324,0.429,0.516,1.79,1.99,1.21,1.04,1,0,0,0,0,0,0,0,0,0
946.1,2.0,0.529,0.680,0.609,0.654,0.391,0.504,0.468,0.330,0.218,0.320,0.060,0.176,0.114,0.648,0.247,0.820,0.214,0.224,0.303,0.306,0.000,0.556,0.230,0.111,0.864,0.470,0.447,0.784,0.419,0.871,0.805,0.541,0.691,0.029,0.724,0.810,0.624,0.737,0.765,0.780,0.473,0.618,0.195,0.799,0.511,0.475,0.234,0.541,0.488,0.890,0.691,0.435,0.349,0.789,0.796,0.400,0.703,0.819,0.877,3.08,0.77,1.27,1.13,1,0,0,0,0,0,0,0,0,0
946.2,23.0,0.634,0.766,0.680,0.739,0.025,0.416,0.365,0.432,0.218,0.540,0.566,0.590,0.298,0.295,0.190,0.820,0.379,0.408,0.425,0.469,0.493,0.326,0.441,0.411,0.809,0.540,0.848,0.616,0.730,0.677,0.410,0.408,0.468,0.523,0.530,0.566,0.891,0.749,0.795,0.403,0.007,0.551,0.316,0.774,0.496,0.255,0.186,0.300,0.575,0.674,0.545,0.249,0.460,0.516,0.494,0.526,0.586,0.636,0.564,1.69,1.33,1.37,1.86,1,0,0,0,0,0,0,0,0,0
948.2,22.9,0.615,0.550,0.639,0.481,0.349,0.774,0.758,0.501,0.331,0.540,0.355,0.663,0.396,0.227,0.056,0.896,0.226,0.238,0.202,0.210,0.266,0.373,0.223,0.118,0.891,0.573,0.726,0.518,0.668,0.611,0.441,0.679,0.437,0.318,0.650,0.650,0.791,0.757,0.774,0.590,0.016,0.651,0.291,0.721,0.567,0.522,0.368,0.379,0.499,0.681,0.585,0.399,0.428,0.554,0.307,0.400,0.324,0.388,0.412,1.60,0.12,1.46,1.77,1,0,0,0,0,0,0,0,0,0
952.2,22.7,0.312,0.615,0.377,0.305,0.411,0.828,0.815,0.229,0.218,0.320,0.000,0.012,0.363,0.028,0.000,0.896,0.324,0.346,0.343,0.304,0.297,0.480,0.274,0.457,0.932,0.573,0.715,0.564,0.530,0.369,0.376,0.659,0.614,0.277,0.589,0.642,0.634,0.644,0.491,0.744,0.019,0.604,0.268,0.617,0.425,0.322,0.181,0.407,0.501,0.847,0.550,0.389,0.465,0.695,0.882,0.400,0.648,0.842,0.840,2.34,0.54,1.15,1.25,1,0,0,0,0,0,0,0,0,0
948.7,51.9,0.479,0.580,0.423,0.481,0.465,0.666,0.648,0.535,0.462,0.485,0.046,0.066,0.430,0.571,0.173,0.896,0.019,0.000,0.000,0.006,0.092,0.276,0.093,0.232,0.993,0.573,0.557,0.665,0.411,0.443,0.792,0.699,0.585,0.389,0.661,0.666,0.766,0.880,0.567,0.861,0.448,0.613,0.140,0.731,0.449,0.169,0.261,0.425,0.406,0.615,0.625,0.330,0.335,0.627,0.603,0.400,0.703,0.720,0.699,2.91,0.94,1.35,1.34,1,0,0,0,0,0,0,0,0,0
952.7,51.7,0.505,0.472,0.300,0.234,0.000,0.770,0.753,0.483,0.394,0.540,0.292,0.048,0.330,0.320,0.414,0.932,0.224,0.241,0.243,0.268,0.326,0.301,0.259,0.363,0.822,0.573,0.921,0.774,0.758,0.823,0.441,0.433,0.514,0.239,0.487,0.491,0.501,0.540,0.422,0.837,0.022,0.532,0.441,0.508,0.401,0.296,0.158,0.410,0.524,0.539,0.474,0.436,0.660,0.293,0.000,0.270,0.000,0.000,0.000,2.30,0.26,1.89,0.87,1,0,0,0,0,0,0,0,0,0
948.4,70.0,0.897,0.942,0.921,0.739,0.000,0.439,0.362,0.982,0.793,1.000,0.852,0.949,0.143,0.600,0.665,0.078,0.573,0.633,0.653,0.678,0.687,0.373,0.737,0.400,0.642,0.713,0.821,0.967,0.883,0.721,0.410,0.341,0.617,0.625,0.291,0.336,0.688,0.691,0.590,0.541,0.791,0.485,0.336,0.607,0.449,0.429,0.183,0.419,0.445,0.599,0.538,0.496,0.350,0.241,0.603,0.137,0.648,0.636,0.412,2.39,3.64,1.62,2.23,1,0,0,0,0,0,0,0,0,0
950.7,69.9,0.091,0.000,0.000,0.000,0.370,0.600,0.578,0.432,0.331,0.485,0.671,0.603,0.056,0.416,0.041,1.000,0.117,0.135,0.049,0.000,0.053,0.417,0.084,0.456,0.829,0.928,0.867,0.881,0.578,0.549,0.695,0.355,0.222,0.473,0.718,0.713,1.000,0.938,0.774,0.513,0.767,0.811,0.117,0.880,0.611,0.248,0.290,0.369,0.000,0.539,0.623,0.325,0.212,0.516,0.237,0.400,0.000,0.247,0.300,2.06,0.00,1.49,1.42,1,0,0,0,0,0,0,0,0,0
953.9,102.7,0.961,1.000,0.882,0.739,0.275,0.571,0.517,0.364,0.536,0.212,0.085,0.869,0.234,0.137,0.000,0.401,0.671,0.681,0.647,0.672,0.696,0.574,0.803,0.224,0.712,0.683,0.583,0.435,0.318,0.230,0.576,0.433,0.309,0.503,0.425,0.410,0.561,0.520,1.000,0.582,0.680,0.653,0.477,0.498,0.429,0.297,0.286,0.467,0.506,0.290,0.514,0.493,0.641,0.554,0.796,0.526,0.514,0.771,0.699,2.01,3.01,1.40,1.44,1,0,0,0,0,0,0,0,0,0
957.4,102.5,0.235,0.335,0.148,0.288,0.218,0.610,0.584,0.728,0.462,0.767,0.834,0.639,0.114,0.702,1.000,0.000,0.378,0.325,0.194,0.194,0.181,0.641,0.322,0.441,0.635,0.589,0.748,0.918,0.569,0.585,0.410,0.421,0.672,0.386,0.564,0.600,0.669,0.807,0.515,0.648,0.505,0.486,0.155,0.656,0.376,0.310,0.156,0.425,0.431,0.721,0.500,0.297,0.332,0.727,0.435,0.137,0.000,0.297,0.491,3.34,1.26,1.41,0.94,1,0,0,0,0,0,0,0,0,0
953.5,124.8,0.425,0.506,0.377,0.305,0.248,0.733,0.704,0.535,0.394,0.374,0.016,0.040,0.534,0.532,0.716,0.607,0.661,0.655,0.581,0.579,0.574,0.719,0.642,0.723,0.494,0.637,0.141,0.153,0.673,0.554,0.715,0.446,0.389,0.784,0.129,0.107,0.439,0.028,0.762,0.279,0.621,0.114,0.868,0.127,0.232,0.548,0.228,0.380,0.886,0.129,0.236,0.385,0.875,0.388,0.237,0.400,0.000,0.247,0.208,1.15,2.56,1.51,0.51,1,0,0,0,0,0,0,0,0,0
956.5,124.6,0.091,0.221,0.000,0.127,0.542,0.844,0.829,0.449,0.462,0.429,0.000,0.000,0.534,0.291,0.562,1.000,0.628,0.581,0.507,0.488,0.318,0.878,0.526,0.581,0.451,0.621,0.214,0.168,0.596,0.497,0.441,0.458,0.468,0.732,0.060,0.075,0.399,0.090,0.750,0.408,0.914,0.221,0.751,0.205,0.317,0.578,0.227,0.426,0.857,0.162,0.337,0.442,0.659,0.433,0.164,0.400,0.190,0.247,0.239,0.79,2.19,1.41,0.73,1,0,0,0,0,0,0,0,0,0
959.5,124.5,0.255,0.414,0.272,0.127,0.401,0.859,0.848,0.675,0.536,0.653,0.252,0.173,0.757,0.569,0.185,0.966,0.503,0.467,0.391,0.359,0.081,0.841,0.439,0.376,0.458,0.573,0.352,0.217,0.700,0.052,0.410,0.628,0.568,0.665,0.210,0.206,0.509,0.407,0.515,0.509,0.949,0.278,0.534,0.427,0.382,0.374,0.198,0.434,0.649,0.181,0.432,0.456,0.527,0.342,0.085,0.526,0.190,0.247,0.176,0.95,2.05,1.47,0.98,1,0,0,0,0,0,0,0,0,0
953.4,140.8,0.294,0.456,0.181,0.279,0.448,0.736,0.706,0.693,0.536,0.653,0.660,0.514,0.464,0.518,0.372,0.607,0.673,0.655,0.600,0.579,0.579,0.733,0.586,0.719,0.408,0.589,0.184,0.074,0.754,0.579,0.558,0.483,0.383,0.814,0.086,0.078,0.400,0.064,0.662,0.491,0.922,0.225,0.784,0.190,0.219,0.484,0.150,0.410,0.814,0.037,0.338,0.324,0.722,0.128,0.085,0.526,0.000,0.193,0.000,0.83,2.34,1.92,0.35,1,0,0,0,0,0,0,0,0,0
956.4,140.6,0.364,0.294,0.486,0.350,0.360,0.573,0.521,0.693,0.536,0.710,0.982,0.936,0.498,0.527,0.527,0.896,0.682,0.673,0.621,0.616,0.606,0.719,0.684,0.871,0.387,0.589,0.192,0.285,0.442,0.316,0.623,0.408,0.659,0.899,0.030,0.098,0.259,0.152,0.724,0.563,0.878,0.000,0.614,0.189,0.241,0.597,0.076,0.212,0.549,0.129,0.238,0.352,0.522,0.241,0.494,0.270,0.514,0.540,0.329,2.58,3.07,1.51,2.00,1,0,0,0,0,0,0,0,0,0
953.8,148.8,0.294,0.388,0.213,0.154,0.248,0.683,0.655,0.587,0.462,0.596,0.481,0.275,0.606,0.648,0.584,0.218,0.553,0.494,0.391,0.352,0.321,0.775,0.519,0.554,0.473,0.488,0.234,0.210,0.674,0.413,0.410,0.382,0.578,0.637,0.194,0.182,0.329,0.052,0.486,0.654,0.623,0.217,0.778,0.166,0.141,0.252,0.085,0.531,0.755,0.050,0.304,0.385,0.864,0.000,0.085,0.769,0.000,0.297,0.000,0.86,1.88,2.41,0.65,1,0,0,0,0,0,0,0,0,0
1136.9,112.1,0.552,0.561,0.466,0.420,0.337,0.401,0.361,0.466,0.272,0.596,0.252,0.125,0.718,0.331,0.000,0.016,0.235,0.283,0.308,0.321,0.359,0.276,0.360,0.446,0.670,0.903,0.740,0.693,0.472,0.537,0.592,0.327,0.598,0.400,0.304,0.308,0.548,0.598,0.579,0.681,0.839,0.252,0.414,0.519,0.364,0.502,0.426,0.494,0.574,0.412,0.488,0.464,0.485,0.293,0.164,0.649,0.000,0.297,0.176,0.64,1.11,2.67,1.46,0,1,0,0,0,0,0,0,0,0
1140.2,106.3,0.505,0.500,0.506,0.559,0.025,0.388,0.306,0.587,0.394,0.596,0.334,0.889,0.680,0.750,0.607,0.000,0.586,0.627,0.622,0.625,0.634,0.499,0.526,0.610,0.607,0.838,0.000,0.147,0.834,0.413,0.558,0.458,0.598,0.797,0.052,0.098,0.395,0.187,0.767,0.381,0.849,0.212,0.648,0.258,0.357,0.753,0.276,0.285,0.762,0.170,0.359,0.450,0.513,0.342,0.603,0.400,0.324,0.574,0.413,1.24,2.97,1.22,1.23,0,1,0,0,0,0,0,0,0,0
1138.6,107.4,0.615,0.564,0.423,0.367,0.337,0.513,0.457,0.982,0.612,0.883,0.795,0.691,0.680,0.800,0.742,0.000,0.518,0.552,0.569,0.603,0.613,0.396,0.538,0.557,0.884,0.770,0.100,0.082,0.570,0.447,0.517,0.408,0.514,0.796,0.161,0.166,0.458,0.245,0.911,0.397,0.746,0.414,0.628,0.319,0.339,0.784,0.430,0.405,0.884,0.135,0.415,0.384,0.622,0.433,0.435,0.270,0.324,0.429,0.357,1.25,2.75,1.37,0.85,0,1,0,0,0,0,0,0,0,0
1130.2,112.9,0.552,0.504,0.693,0.533,0.248,0.796,0.783,0.415,0.272,0.429,0.546,0.651,0.796,0.547,0.036,0.000,0.099,0.144,0.204,0.247,0.308,0.135,0.103,0.226,0.822,0.698,0.611,0.455,0.362,0.587,0.715,0.446,0.478,0.477,0.540,0.558,0.739,0.773,0.712,0.709,0.751,0.591,0.183,0.656,0.503,0.710,0.462,0.456,0.507,0.775,0.547,0.474,0.350,0.592,0.237,0.769,0.324,0.468,0.491,0.96,0.72,2.39,2.03,0,1,0,0,0,0,0,0,0,0
1128.7,99.5,0.330,0.458,0.377,0.225,0.807,0.913,0.905,0.432,0.331,0.429,0.612,0.538,0.363,0.304,0.376,0.000,0.464,0.467,0.468,0.459,0.427,0.556,0.459,0.638,0.691,0.742,0.067,0.074,0.590,0.398,0.576,0.382,0.468,0.759,0.153,0.176,0.458,0.278,0.781,0.440,0.867,0.347,0.604,0.334,0.375,0.748,0.302,0.383,0.764,0.156,0.397,0.382,0.596,0.293,0.237,0.769,0.000,0.388,0.239,0.06,1.69,2.35,1.28,0,1,0,0,0,0,0,0,0,0
1126.2,101.2,0.000,0.315,0.078,0.127,0.919,0.951,0.948,0.229,0.121,0.266,0.118,0.029,0.464,0.190,0.000,0.283,0.434,0.450,0.454,0.462,0.451,0.480,0.342,0.741,0.733,0.851,0.337,0.030,0.558,0.483,0.558,0.541,0.514,0.775,0.366,0.329,0.450,0.253,0.557,0.499,0.910,0.382,0.618,0.322,0.359,0.521,0.589,0.307,0.726,0.163,0.387,0.343,0.531,0.433,0.237,0.769,0.324,0.468,0.385,0.40,1.69,1.90,1.56,0,1,0,0,0,0,0,0,0,0
1107.7,113.2,0.689,0.622,0.639,0.602,0.716,0.769,0.750,0.381,0.167,0.485,0.650,0.731,0.569,0.596,0.509,0.016,0.297,0.306,0.339,0.362,0.377,0.350,0.527,0.445,0.628,0.698,0.553,0.586,0.720,0.771,0.494,0.368,0.317,0.835,0.248,0.206,0.485,0.272,0.406,0.393,0.774,0.292,0.613,0.345,0.392,0.627,0.406,0.251,0.492,0.274,0.322,0.535,0.361,0.592,0.237,0.649,0.514,0.505,0.516,1.33,1.31,1.34,1.58,0,1,0,0,0,0,0,0,0,0
1102.5,116.5,0.768,0.873,0.740,0.807,0.401,0.862,0.843,0.836,0.615,0.825,0.500,0.138,0.363,0.686,0.594,0.016,0.630,0.694,0.720,0.751,0.770,0.326,0.719,0.693,0.522,0.770,0.248,0.236,0.531,0.469,0.517,0.495,0.376,0.738,0.348,0.301,0.625,0.322,0.373,0.328,0.642,0.365,0.620,0.443,0.528,0.321,0.520,0.587,0.622,0.497,0.547,0.531,0.701,0.293,0.704,0.400,0.703,0.819,0.611,1.54,3.07,1.22,1.61,0,1,0,0,0,0,0,0,0,0
1126.4,93.9,1.000,0.932,0.819,0.833,0.734,0.852,0.834,0.381,0.218,0.540,0.925,0.789,0.330,0.406,0.335,0.047,0.625,0.639,0.653,0.679,0.683,0.499,0.817,0.201,0.543,0.825,0.228,0.156,0.368,0.299,0.376,0.530,0.222,0.789,0.282,0.219,0.574,0.186,0.523,0.320,0.796,0.553,0.721,0.355,0.392,0.538,0.582,0.420,0.757,0.144,0.407,0.437,0.734,0.554,0.796,0.649,0.648,0.905,0.821,1.35,3.01,1.70,1.47,0,1,0,0,0,0,0,0,0,0
1117.9,99.4,0.706,0.691,0.782,0.385,0.981,0.972,0.971,0.330,0.167,0.429,0.783,0.862,0.430,0.593,0.794,0.218,0.478,0.500,0.508,0.543,0.566,0.396,0.510,0.355,0.593,0.811,0.206,0.174,0.274,0.396,0.538,0.618,0.426,0.799,0.145,0.163,0.470,0.255,0.311,0.361,0.899,0.380,0.624,0.341,0.353,0.493,0.346,0.335,0.651,0.192,0.344,0.444,0.444,0.475,0.550,0.649,0.429,0.636,0.540,0.93,2.02,1.44,1.68,0,1,0,0,0,0,0,0,0,0
1112.8,102.7,0.768,0.691,0.506,0.411,0.874,0.948,0.946,0.229,0.077,0.374,0.252,0.056,0.643,0.280,0.180,0.859,0.295,0.289,0.281,0.262,0.128,0.574,0.470,0.021,0.656,0.727,0.209,0.210,0.184,0.075,0.592,0.638,0.264,0.595,0.357,0.325,0.607,0.456,0.398,0.473,0.750,0.570,0.536,0.497,0.460,0.314,0.413,0.457,0.517,0.203,0.488,0.464,0.605,0.627,0.494,0.886,0.429,0.665,0.656,0.93,1.71,1.55,1.75,0,1,0,0,0,0,0,0,0,0
1107.0,106.5,0.214,0.303,0.148,0.027,0.600,0.929,0.926,0.313,0.121,0.429,0.046,0.792,0.498,0.135,0.000,0.966,0.222,0.224,0.204,0.198,0.137,0.480,0.188,0.437,0.656,0.742,0.337,0.262,0.366,0.211,0.674,0.408,0.420,0.589,0.344,0.325,0.615,0.531,0.305,0.507,0.807,0.567,0.483,0.524,0.453,0.144,0.466,0.567,0.456,0.270,0.550,0.546,0.557,0.516,0.237,0.769,0.000,0.388,0.385,0.93,0.75,1.92,1.92,0,1,0,0,0,0,0,0,0,0
1123.1,81.7,0.706,0.549,0.506,0.628,0.133,0.352,0.247,0.130,0.037,0.320,0.046,0.648,0.234,0.135,0.000,0.896,0.687,0.700,0.691,0.662,0.613,0.719,0.789,0.664,0.473,0.683,0.084,0.141,0.541,0.000,0.623,0.530,0.376,0.964,0.075,0.037,0.403,0.053,0.553,0.314,0.854,0.238,0.797,0.124,0.430,0.752,0.254,0.279,0.538,0.119,0.296,0.699,0.498,0.433,0.164,0.270,0.324,0.247,0.239,0.70,2.77,1.18,0.68,0,1,0,0,0,0,0,0,0,0
1120.6,83.4,0.395,0.624,0.423,0.697,0.489,0.520,0.468,0.163,0.037,0.320,0.275,0.819,0.464,0.109,0.192,0.218,0.547,0.553,0.545,0.547,0.558,0.537,0.508,0.671,0.543,0.573,0.160,0.150,0.297,0.299,0.576,0.586,0.383,0.759,0.265,0.229,0.559,0.236,0.547,0.465,0.616,0.413,0.675,0.383,0.346,0.539,0.537,0.492,0.813,0.139,0.444,0.412,0.739,0.433,0.840,0.400,0.703,0.945,0.801,1.51,2.96,1.51,1.49,0,1,0,0,0,0,0,0,0,0
1117.2,85.5,0.552,0.659,0.639,0.765,0.725,0.852,0.836,0.330,0.218,0.429,0.129,0.600,0.498,0.128,0.362,0.344,0.587,0.590,0.595,0.601,0.611,0.537,0.561,0.583,0.473,0.683,0.134,0.133,0.401,0.428,0.674,0.552,0.099,0.833,0.231,0.143,0.605,0.182,0.496,0.268,0.824,0.288,0.734,0.363,0.428,0.614,0.455,0.307,0.824,0.222,0.356,0.396,0.633,0.516,0.494,0.400,0.703,0.665,0.588,0.96,2.29,1.63,1.29,0,1,0,0,0,0,0,0,0,0
1114.7,87.2,0.552,0.600,0.466,0.446,0.803,0.909,0.900,0.213,0.077,0.374,0.000,0.502,0.718,0.212,0.432,0.781,0.527,0.533,0.530,0.543,0.559,0.499,0.501,0.508,0.508,0.727,0.171,0.088,0.307,0.457,0.592,0.483,0.210,0.746,0.282,0.243,0.625,0.317,0.570,0.380,0.784,0.449,0.636,0.454,0.445,0.397,0.389,0.397,0.704,0.142,0.464,0.398,0.627,0.627,0.494,0.886,0.648,0.746,0.720,0.86,1.88,1.77,1.56,0,1,0,0,0,0,0,0,0,0
1121.5,74.4,0.768,0.831,0.717,0.611,0.000,0.569,0.504,0.180,0.121,0.320,0.330,0.856,0.143,0.418,0.000,0.283,0.738,0.742,0.748,0.761,0.760,0.608,0.822,0.735,0.543,0.573,0.095,0.116,0.607,0.271,1.000,0.518,0.333,0.755,0.235,0.202,0.568,0.049,0.565,0.199,0.001,0.542,0.881,0.220,0.267,0.484,0.497,0.416,0.902,0.063,0.288,0.461,0.916,0.293,0.372,0.270,0.190,0.344,0.208,0.92,3.08,1.18,1.07,0,1,0,0,0,0,0,0,0,0
1119.3,75.8,0.671,0.673,0.466,0.261,0.381,0.610,0.574,0.483,0.218,0.596,0.445,0.767,0.143,0.322,0.277,0.607,0.492,0.456,0.435,0.448,0.452,0.574,0.506,0.269,0.480,0.637,0.084,0.322,0.549,0.340,0.662,0.471,0.222,0.618,0.357,0.346,0.655,0.328,0.625,0.296,0.004,0.792,0.643,0.483,0.465,0.359,0.491,0.495,0.549,0.151,0.488,0.439,0.772,0.433,0.550,0.400,0.324,0.540,0.439,0.96,2.34,1.77,0.92,0,1,0,0,0,0,0,0,0,0
1113.4,79.7,0.364,0.428,0.377,0.367,0.668,0.817,0.803,0.213,0.077,0.320,0.275,0.542,0.396,0.081,0.148,0.932,0.403,0.369,0.328,0.324,0.334,0.556,0.408,0.529,0.529,0.742,0.198,0.141,0.302,0.357,0.517,0.564,0.173,0.742,0.321,0.263,0.625,0.199,0.929,0.244,0.001,0.560,0.730,0.397,0.411,0.450,0.501,0.414,0.773,0.108,0.401,0.377,0.801,0.388,0.237,0.769,0.000,0.388,0.300,0.44,1.39,2.36,1.47,0,1,0,0,0,0,0,0,0,0
1110.9,81.3,0.671,0.657,0.543,0.490,0.549,0.872,0.868,0.049,0.077,0.158,0.292,0.304,0.330,0.099,0.014,0.859,0.468,0.450,0.441,0.449,0.465,0.519,0.555,0.403,0.621,0.683,0.242,0.153,0.274,0.271,0.662,0.638,0.115,0.668,0.357,0.336,0.676,0.348,0.768,0.351,0.707,0.641,0.633,0.494,0.461,0.654,0.404,0.441,0.635,0.132,0.459,0.415,0.739,0.554,0.164,0.769,0.190,0.388,0.413,0.59,1.32,2.16,1.83,0,1,0,0,0,0,0,0,0,0
1114.9,72.7,0.653,0.689,0.577,0.577,0.473,0.605,0.579,0.279,0.462,0.158,0.016,0.001,0.266,0.138,0.000,0.932,0.304,0.220,0.164,0.162,0.196,0.537,0.336,0.070,0.698,0.506,0.276,0.165,0.544,0.310,0.469,0.835,0.131,0.464,0.357,0.353,0.637,0.289,0.542,0.313,0.009,0.782,0.675,0.472,0.464,0.234,0.542,0.420,0.543,0.092,0.457,0.374,0.807,0.388,0.237,0.649,0.514,0.505,0.385,0.00,1.23,2.25,2.03,0,1,0,0,0,0,0,0,0,0
1341.3,114.7,0.529,0.622,0.506,0.341,0.202,0.382,0.300,0.535,0.462,0.540,0.611,0.602,0.718,0.494,0.591,0.218,0.658,0.625,0.615,0.575,0.582,0.704,0.636,0.606,0.567,0.540,0.722,0.573,1.000,0.733,0.568,0.552,0.921,0.003,0.574,0.612,0.221,0.576,0.553,0.674,0.128,0.438,0.345,0.549,0.423,0.634,0.416,0.713,0.375,0.820,0.544,0.738,0.630,0.846,0.882,0.137,0.429,0.720,0.840,3.43,2.40,1.80,1.48,0,0,1,0,0,0,0,0,0,0
1343.3,113.2,0.574,0.755,0.543,0.739,0.448,0.372,0.287,0.535,0.218,0.710,0.955,0.846,0.796,0.821,0.919,0.016,0.781,0.650,0.623,0.652,0.663,0.828,0.773,0.715,0.567,0.605,0.936,0.665,0.876,0.732,0.568,0.518,0.898,0.008,0.697,0.749,0.384,0.803,0.636,0.677,0.381,0.437,0.115,0.687,0.516,0.684,0.395,0.654,0.324,0.804,0.606,0.652,0.365,0.818,0.603,0.000,0.648,0.606,0.741,2.97,2.78,1.59,1.47,0,0,1,0,0,0,0,0,0,0
1345.0,112.0,0.971,0.967,0.868,0.739,0.401,0.483,0.421,0.381,0.167,0.540,0.826,0.528,0.464,0.687,0.818,0.016,0.670,0.588,0.593,0.624,0.638,0.657,0.759,0.000,0.567,0.506,0.598,0.693,0.785,0.647,0.568,0.628,0.749,0.202,0.389,0.428,0.608,0.641,0.509,0.718,0.426,0.463,0.303,0.611,0.435,0.513,0.279,0.673,0.348,0.809,0.580,0.749,0.486,0.874,1.000,0.000,0.586,0.819,0.931,3.31,2.37,1.36,1.35,0,0,1,0,0,0,0,0,0,0
1346.9,113.0,0.529,0.678,0.639,0.739,0.420,0.478,0.433,0.432,0.218,0.596,0.892,0.628,0.718,0.740,0.828,0.820,0.580,0.411,0.408,0.458,0.476,0.689,0.607,0.562,0.677,0.319,0.795,0.552,0.654,0.614,0.494,0.541,0.775,0.153,0.734,0.737,0.776,0.799,0.562,0.817,0.411,0.496,0.118,0.768,0.576,0.592,0.622,0.650,0.266,0.844,0.665,0.733,0.314,0.592,0.603,0.000,0.190,0.429,0.465,3.54,2.14,1.77,1.37,0,0,1,0,0,0,0,0,0,0
1350.6,121.5,0.439,0.510,0.543,0.611,0.337,0.429,0.398,0.347,0.218,0.485,0.409,0.090,0.796,0.417,0.020,0.047,0.381,0.195,0.186,0.248,0.279,0.574,0.361,0.370,0.586,0.257,0.803,0.647,0.562,0.614,0.674,0.746,0.780,0.037,0.650,0.631,0.351,0.588,0.435,0.602,0.065,0.376,0.368,0.501,0.421,0.671,0.500,0.459,0.293,0.691,0.449,0.575,0.638,0.874,0.840,0.270,0.429,0.720,0.859,3.27,1.55,1.10,0.63,0,0,1,0,0,0,0,0,0,0
1353.8,119.2,0.540,0.525,0.377,0.739,0.527,0.489,0.463,0.296,0.272,0.374,0.508,0.249,0.606,0.306,0.000,0.000,0.226,0.094,0.088,0.153,0.220,0.417,0.262,0.243,0.670,0.192,0.534,0.439,0.620,0.598,0.337,0.541,0.791,0.153,0.708,0.697,0.549,0.773,0.434,0.878,0.407,0.657,0.213,0.606,0.409,0.383,0.621,0.533,0.266,0.687,0.493,0.588,0.514,0.926,0.882,0.526,0.324,0.771,0.931,3.42,1.40,1.25,0.58,0,0,1,0,0,0,0,0,0,0
1362.0,135.5,0.214,0.386,0.327,0.568,0.218,0.496,0.460,0.415,0.331,0.485,0.302,0.052,0.606,0.245,0.008,0.047,0.333,0.299,0.288,0.300,0.349,0.439,0.313,0.613,0.522,0.214,0.514,0.482,0.582,0.633,0.637,0.471,0.850,0.126,0.811,0.729,0.435,0.676,0.236,0.940,0.036,0.339,0.237,0.520,0.340,0.219,0.713,0.570,0.223,0.762,0.443,0.702,0.553,0.976,0.796,0.137,0.429,0.665,0.896,3.70,1.82,1.53,1.14,0,0,1,0,0,0,0,0,0,0
1365.2,133.1,0.453,0.650,0.423,0.376,0.000,0.498,0.439,0.535,0.394,0.540,0.108,0.012,0.569,0.118,0.000,0.000,0.549,0.557,0.586,0.607,0.612,0.460,0.555,0.752,0.558,0.236,0.425,0.398,0.573,0.708,0.494,0.458,0.718,0.052,0.555,0.539,0.388,0.439,0.554,0.746,0.056,0.476,0.443,0.472,0.424,0.698,0.539,0.487,0.466,0.842,0.371,0.647,0.683,0.952,0.655,0.270,0.648,0.693,0.896,3.31,2.47,1.82,1.20,0,0,1,0,0,0,0,0,0,0
1367.5,141.4,0.425,0.518,0.327,0.305,0.133,0.535,0.496,0.570,0.272,0.653,0.508,0.142,0.643,0.236,0.000,0.000,0.504,0.376,0.367,0.404,0.436,0.608,0.506,0.578,0.529,0.192,0.282,0.510,0.697,0.583,0.538,0.518,0.729,0.169,1.000,0.914,0.639,0.913,0.388,0.628,0.029,0.201,0.057,0.694,0.420,0.539,0.346,0.366,0.023,0.642,0.391,0.529,0.350,0.874,0.796,0.137,0.429,0.665,0.821,3.95,1.98,1.62,1.22,0,0,1,0,0,0,0,0,0,0
1369.9,144.6,0.395,0.410,0.272,0.181,0.113,0.520,0.469,0.535,0.331,0.596,0.920,0.688,0.680,0.486,0.862,0.559,0.693,0.583,0.524,0.443,0.368,0.936,0.640,0.491,0.423,0.214,0.463,0.518,0.883,0.879,0.650,0.708,0.940,0.009,0.734,0.697,0.258,0.658,0.200,0.647,0.103,0.110,0.269,0.550,0.351,0.451,0.352,0.472,0.322,0.769,0.412,0.626,0.576,0.952,0.704,0.137,0.429,0.606,0.840,3.81,2.20,1.97,1.62,0,0,1,0,0,0,0,0,0,0
1321.5,573.5,0.144,0.290,0.078,0.082,0.600,0.582,0.535,0.432,0.272,0.485,0.657,0.507,0.430,0.560,0.358,0.000,0.715,0.632,0.569,0.533,0.511,0.866,0.642,0.783,0.600,0.434,0.687,0.156,0.472,0.199,0.685,0.446,0.233,0.722,0.248,0.246,0.470,0.000,0.390,0.168,0.001,0.242,0.985,0.002,0.000,0.655,0.108,0.081,0.614,0.201,0.012,0.147,1.000,0.475,0.085,0.400,0.000,0.134,0.208,1.13,2.40,1.98,0.00,0,0,0,1,0,0,0,0,0,0
1322.6,575.2,0.395,0.462,0.506,0.036,0.618,0.581,0.526,0.535,0.331,0.596,0.866,0.604,0.498,0.514,0.821,0.000,0.772,0.720,0.671,0.666,0.636,0.841,0.725,0.796,0.465,0.434,0.450,0.110,0.387,0.307,0.662,0.433,0.146,0.749,0.248,0.239,0.505,0.000,0.572,0.102,0.001,0.205,1.000,0.000,0.001,0.708,0.150,0.021,0.493,0.270,0.000,0.058,0.997,0.342,0.435,0.270,0.514,0.505,0.358,1.39,2.80,1.88,0.59,0,0,0,1,0,0,0,0,0,0
1324.6,578.2,0.849,0.907,0.751,0.722,0.652,0.573,0.494,0.658,0.701,0.485,0.838,0.864,0.363,0.624,0.839,0.000,0.919,0.891,0.879,0.894,0.892,0.789,0.981,0.843,0.565,0.397,0.323,0.361,0.374,0.627,0.441,0.355,0.115,0.691,0.261,0.222,0.534,0.004,0.586,0.226,0.002,0.208,0.994,0.041,0.076,0.640,0.189,0.241,0.740,0.258,0.075,0.323,0.989,0.293,0.550,0.270,0.429,0.540,0.358,1.63,3.32,1.44,1.22,0,0,0,1,0,0,0,0,0,0
1311.5,576.6,0.425,0.485,0.272,0.100,0.555,0.480,0.428,0.483,0.218,0.596,0.527,0.529,0.643,0.382,0.512,0.966,0.657,0.559,0.483,0.485,0.481,0.802,0.604,0.556,0.444,0.378,0.217,0.189,0.416,0.532,0.538,0.395,0.482,0.721,0.137,0.172,0.479,0.227,0.888,0.290,1.000,0.493,0.652,0.320,0.408,0.807,0.260,0.436,0.800,0.192,0.399,0.500,0.622,0.342,0.237,0.526,0.190,0.344,0.239,1.40,1.91,1.84,0.59,0,0,0,1,0,0,0,0,0,0
1313.7,579.9,0.891,0.990,0.974,0.722,0.594,0.338,0.097,0.800,0.615,0.767,0.946,0.878,0.569,0.939,0.941,0.016,0.966,1.000,1.000,1.000,1.000,0.689,1.000,0.907,0.372,0.339,0.557,0.278,0.932,0.575,0.538,0.433,0.648,0.547,0.022,0.056,0.351,0.147,0.670,0.374,0.896,0.206,0.669,0.235,0.313,0.780,0.000,0.415,0.597,0.419,0.281,0.744,0.400,0.388,0.655,0.000,0.648,0.693,0.540,2.29,3.50,1.31,1.68,0,0,0,1,0,0,0,0,0,0
1315.4,582.4,0.214,0.261,0.148,0.036,0.360,0.417,0.326,0.501,0.394,0.540,0.797,0.470,0.569,0.820,0.761,0.966,0.808,0.751,0.703,0.700,0.694,0.841,0.746,0.992,0.000,0.359,0.470,0.007,0.732,0.454,0.578,0.471,0.526,0.700,0.041,0.059,0.394,0.066,0.896,0.411,0.915,0.704,0.779,0.165,0.292,0.748,0.517,0.439,0.904,0.359,0.308,0.544,0.699,0.433,0.494,0.400,0.190,0.468,0.385,1.64,2.90,1.50,0.88,0,0,0,1,0,0,0,0,0,0
1304.0,581.7,0.738,0.741,0.762,0.279,0.588,0.544,0.442,0.640,0.462,0.653,0.942,0.738,0.835,0.505,0.916,0.509,0.989,0.975,0.960,0.945,0.847,1.000,0.968,0.771,0.380,0.397,0.201,0.000,0.658,0.421,0.538,0.421,0.283,0.903,0.000,0.000,0.419,0.018,0.755,0.164,0.774,0.133,0.881,0.088,0.156,0.661,0.164,0.087,0.613,0.271,0.125,0.391,0.465,0.388,0.550,0.400,0.190,0.505,0.385,1.48,3.14,1.29,1.17,0,0,0,1,0,0,0,0,0,0
1306.3,585.0,0.395,0.518,0.377,0.172,0.370,0.495,0.403,0.466,0.272,0.540,0.721,0.394,0.757,0.343,0.575,0.000,0.888,0.839,0.825,0.824,0.797,0.866,0.821,1.000,0.286,0.397,0.641,0.361,0.820,0.684,0.558,0.506,0.300,0.810,0.007,0.015,0.414,0.013,0.808,0.249,0.701,0.189,0.899,0.057,0.179,0.698,0.309,0.254,1.000,0.254,0.148,0.352,0.735,0.186,0.085,0.400,0.324,0.247,0.073,0.83,2.99,1.52,0.18,0,0,0,1,0,0,0,0,0,0
1307.7,587.1,0.817,0.887,0.944,0.507,0.072,0.464,0.319,0.347,0.167,0.485,0.718,0.759,0.757,0.321,0.514,0.607,1.000,0.997,0.998,0.995,0.969,0.841,0.973,0.831,0.390,0.378,0.769,0.401,0.696,0.367,0.578,0.483,0.210,0.914,0.026,0.000,0.434,0.011,0.748,0.121,0.956,0.229,0.909,0.046,0.200,0.800,0.285,0.093,0.639,0.272,0.133,0.297,0.559,0.342,0.603,0.400,0.586,0.665,0.491,1.68,3.42,1.16,1.12,0,0,0,1,0,0,0,0,0,0
1295.2,590.0,0.730,0.899,0.762,0.722,0.275,0.505,0.410,0.466,0.218,0.596,0.433,0.512,0.916,0.426,0.000,0.078,0.853,0.867,0.855,0.832,0.801,0.789,0.865,0.746,0.390,0.319,0.470,0.096,0.696,0.664,0.578,0.446,0.389,0.802,0.056,0.047,0.374,0.012,0.822,0.298,0.829,0.307,0.883,0.055,0.096,0.767,0.118,0.280,0.702,0.352,0.109,0.435,0.831,0.293,0.494,0.137,0.514,0.505,0.329,1.78,3.34,1.19,1.53,0,0,0,1,0,0,0,0,0,0
1369.0,689.8,0.824,0.796,0.717,0.654,0.248,0.447,0.352,0.764,0.536,0.767,0.881,0.604,0.534,1.000,0.815,0.932,0.595,0.680,0.764,0.820,0.835,0.000,0.772,0.862,0.628,0.026,0.534,0.502,0.576,0.626,0.847,0.708,0.582,0.107,0.816,0.774,0.331,0.451,0.453,0.727,0.039,0.640,0.415,0.385,0.421,0.596,0.645,0.552,0.335,0.743,0.439,0.456,0.673,0.388,0.704,0.137,0.838,0.796,0.634,3.45,2.65,1.80,2.29,0,0,0,0,1,0,0,0,0,0
1366.0,690.0,0.886,0.903,0.909,0.739,0.337,0.524,0.475,0.963,1.000,0.883,0.713,0.330,0.643,0.709,0.721,0.781,0.357,0.441,0.506,0.550,0.569,0.135,0.532,0.143,0.565,0.000,0.438,0.435,0.506,0.590,0.733,0.607,0.804,0.061,0.713,0.612,0.233,0.418,0.339,0.870,0.052,0.278,0.428,0.342,0.404,0.443,0.408,0.600,0.283,0.692,0.447,0.346,0.698,0.293,0.882,0.270,0.797,0.885,0.678,3.30,2.92,1.76,2.21,0,0,0,0,1,0,0,0,0,0
1359.2,687.0,0.634,0.690,0.801,0.654,0.233,0.534,0.488,0.347,0.218,0.374,0.060,0.006,0.534,0.218,0.000,0.740,0.419,0.450,0.491,0.553,0.566,0.276,0.510,0.554,0.593,0.170,0.242,0.629,0.558,0.772,0.494,0.341,0.820,0.014,0.783,0.721,0.336,0.631,0.231,0.843,0.090,0.265,0.266,0.578,0.474,0.302,0.312,0.731,0.375,0.849,0.630,0.455,0.581,0.662,0.372,0.400,0.586,0.540,0.588,3.37,1.29,1.36,1.42,0,0,0,0,1,0,0,0,0,0
1359.0,689.0,0.364,0.378,0.272,0.127,0.439,0.560,0.525,0.347,0.218,0.429,0.000,0.001,0.430,0.155,0.046,0.740,0.274,0.298,0.319,0.368,0.404,0.276,0.275,0.551,0.614,0.000,0.498,0.443,0.487,0.671,0.757,0.586,0.526,0.129,0.959,0.823,0.536,0.733,0.379,0.669,0.035,0.305,0.238,0.567,0.624,0.671,0.413,0.694,0.332,0.728,0.614,0.399,0.580,0.695,0.307,0.400,0.514,0.468,0.564,3.36,0.99,1.17,1.25,0,0,0,0,1,0,0,0,0,0
1358.3,697.9,0.380,0.159,0.148,0.036,0.000,0.416,0.357,0.398,0.218,0.429,0.766,0.403,0.718,0.590,0.620,0.000,0.433,0.481,0.501,0.511,0.540,0.350,0.396,0.649,0.480,0.299,0.534,0.319,0.668,0.500,0.650,0.541,0.243,0.447,0.645,0.528,0.305,0.041,0.482,0.322,0.010,0.586,0.782,0.104,0.193,0.917,0.436,0.234,0.001,0.616,0.155,0.256,0.904,0.554,0.164,0.526,0.324,0.344,0.385,2.71,1.55,1.60,1.13,0,0,0,0,1,0,0,0,0,0
1353.7,692.5,0.395,0.383,0.243,0.464,0.549,0.602,0.568,0.432,0.331,0.540,0.000,0.023,0.534,0.195,0.000,0.966,0.238,0.310,0.385,0.432,0.466,0.103,0.216,0.544,0.543,0.319,0.550,0.547,0.627,0.754,0.410,0.433,0.816,0.194,0.811,0.814,0.869,0.953,0.139,0.794,0.336,0.294,0.051,0.856,0.605,0.125,0.469,0.559,0.261,0.605,0.749,0.062,0.178,0.818,0.603,0.270,0.648,0.665,0.782,4.00,1.10,0.97,1.13,0,0,0,0,1,0,0,0,0,0
1353.3,685.4,0.897,0.833,1.000,0.739,0.000,0.530,0.450,0.518,0.462,0.429,0.662,0.369,0.534,0.575,0.781,0.509,0.670,0.746,0.805,0.849,0.855,0.194,0.851,0.798,0.394,0.214,0.733,0.824,0.888,0.863,0.623,0.395,0.998,0.002,0.515,0.498,0.000,0.128,0.282,0.821,0.142,0.047,0.648,0.232,0.150,0.522,0.031,0.399,0.413,0.689,0.259,0.358,0.833,0.554,0.550,0.137,1.000,0.842,0.762,3.45,2.49,1.79,2.22,0,0,0,0,1,0,0,0,0,0
1353.1,688.4,0.410,0.395,0.078,0.199,0.430,0.477,0.417,0.605,0.536,0.374,0.359,0.517,0.680,0.709,0.654,1.000,0.509,0.547,0.562,0.532,0.535,0.499,0.524,0.713,0.337,0.319,0.492,0.409,0.586,0.268,0.662,0.483,1.000,0.011,0.330,0.353,0.101,0.062,0.547,0.959,0.331,0.495,0.744,0.185,0.153,0.450,0.064,0.272,0.553,0.749,0.179,0.257,0.878,0.554,0.923,0.270,0.972,1.000,0.914,3.33,2.74,1.83,2.34,0,0,0,0,1,0,0,0,0,0
1352.9,690.4,0.479,0.386,0.327,0.323,0.606,0.509,0.475,0.782,0.615,0.710,0.258,0.285,0.606,0.490,0.642,0.966,0.134,0.187,0.272,0.339,0.399,0.036,0.256,0.528,0.408,0.299,0.567,0.569,0.598,0.665,0.538,0.433,0.868,0.063,0.844,0.885,0.742,0.870,0.577,0.942,0.439,0.338,0.060,0.838,0.603,0.400,0.519,0.662,0.283,0.797,0.770,0.237,0.217,0.727,0.840,0.137,0.586,0.746,0.781,4.24,2.07,1.67,1.98,0,0,0,0,1,0,0,0,0,0
1352.5,695.4,0.529,0.513,0.423,0.464,0.288,0.508,0.476,0.800,0.701,0.540,0.709,0.328,0.430,0.556,0.619,0.000,0.119,0.169,0.228,0.301,0.348,0.103,0.134,0.304,0.308,0.192,0.553,0.603,0.828,0.699,0.816,0.541,0.930,0.015,0.496,0.487,0.179,0.324,0.507,0.807,0.088,0.309,0.525,0.362,0.307,0.545,0.281,0.555,0.417,0.693,0.443,0.389,0.755,0.554,0.751,0.400,0.703,0.796,0.720,4.15,1.74,1.31,1.45,0,0,0,0,1,0,0,0,0,0
1349.1,688.1,0.830,0.843,0.705,0.739,0.326,0.487,0.453,0.432,0.272,0.485,0.623,0.570,0.643,0.594,0.664,0.896,0.127,0.185,0.244,0.331,0.317,0.165,0.460,0.146,0.437,0.278,0.580,0.599,0.608,0.307,0.608,0.395,0.635,0.416,0.650,0.604,0.426,0.346,0.388,0.572,0.011,0.418,0.443,0.374,0.333,0.657,0.259,0.437,0.390,0.882,0.390,0.285,0.700,0.662,0.882,0.137,0.875,0.905,0.877,3.55,2.41,1.73,2.17,0,0,0,0,1,0,0,0,0,0
893.1,399.4,0.529,0.577,0.653,0.516,0.233,0.429,0.371,0.746,0.615,0.596,0.857,0.709,0.143,0.605,0.870,0.509,0.488,0.490,0.490,0.476,0.493,0.519,0.462,0.459,0.760,0.397,1.000,0.693,0.864,0.387,0.538,0.483,0.791,0.171,0.555,0.539,0.398,0.245,0.553,0.867,0.029,0.657,0.492,0.354,0.313,0.657,0.685,0.746,0.485,1.000,0.479,0.601,0.737,0.554,0.704,0.137,0.429,0.606,0.564,4.22,1.88,1.50,1.44,0,0,0,0,0,1,0,0,0,0
895.4,399.8,0.689,0.772,0.836,0.739,0.481,0.443,0.374,0.553,0.394,0.429,0.515,0.147,0.266,0.477,0.297,1.000,0.434,0.502,0.595,0.661,0.690,0.000,0.606,0.772,0.733,0.359,0.829,0.972,0.612,0.935,0.538,0.483,0.833,0.127,0.895,0.872,0.910,0.913,0.518,0.941,0.407,0.444,0.019,0.904,0.656,0.568,0.740,0.918,0.223,0.767,0.997,0.400,0.273,0.759,0.550,0.137,0.514,0.540,0.656,4.50,1.77,1.32,1.28,0,0,0,0,0,1,0,0,0,0
895.5,403.9,0.492,0.441,0.506,0.217,0.473,0.000,0.000,0.872,0.615,0.883,0.000,0.000,0.234,0.571,0.449,1.000,0.171,0.211,0.270,0.339,0.345,0.194,0.217,0.392,0.746,0.319,0.666,0.745,0.499,0.885,0.538,0.506,0.812,0.196,0.713,0.690,0.840,0.807,0.146,0.955,0.026,0.576,0.190,0.814,0.521,0.070,0.714,1.000,0.325,0.782,1.000,0.481,0.497,0.627,0.494,0.000,0.514,0.468,0.516,4.63,1.78,1.36,1.60,0,0,0,0,0,1,0,0,0,0
897.4,403.4,0.706,0.742,0.868,0.654,0.497,0.608,0.576,0.535,0.394,0.596,0.073,0.007,0.298,0.616,0.128,1.000,0.300,0.358,0.365,0.432,0.460,0.233,0.375,0.245,0.550,0.470,0.784,0.844,0.828,0.861,0.517,0.327,0.889,0.185,0.650,0.678,0.875,0.816,0.504,1.000,0.449,0.573,0.121,0.824,0.665,0.382,0.757,0.839,0.326,0.842,0.957,0.277,0.302,0.727,0.603,0.137,0.648,0.636,0.699,4.44,1.71,1.34,1.45,0,0,0,0,0,1,0,0,0,0
898.0,412.6,0.653,0.805,0.762,0.739,0.411,0.656,0.626,0.535,0.331,0.540,0.016,0.040,0.430,0.925,0.809,0.607,0.396,0.359,0.399,0.405,0.433,0.439,0.437,0.296,0.614,0.621,0.590,0.581,0.858,0.824,0.538,0.395,0.885,0.123,0.697,0.690,0.742,0.894,0.054,0.966,0.036,0.417,0.119,0.791,0.508,0.000,0.739,0.815,0.270,0.654,0.843,0.160,0.353,0.759,0.704,0.137,0.648,0.693,0.762,4.15,2.00,1.45,1.38,0,0,0,0,0,1,0,0,0,0
901.8,411.5,0.517,0.661,0.486,0.429,0.000,0.647,0.611,0.982,0.793,1.000,0.841,0.998,0.757,0.826,0.783,0.607,0.519,0.471,0.494,0.468,0.475,0.591,0.523,0.515,0.522,0.668,0.521,0.365,0.709,0.600,0.441,0.327,0.755,0.300,0.353,0.350,0.482,0.737,0.569,0.841,0.783,0.482,0.300,0.486,0.548,0.524,0.336,0.426,0.380,0.273,0.542,0.148,0.351,0.516,0.882,0.137,0.514,0.746,0.656,3.49,2.74,1.96,2.16,0,0,0,0,0,1,0,0,0,0
900.1,416.1,0.453,0.591,0.327,0.516,0.072,0.600,0.567,0.535,0.331,0.540,0.190,0.172,0.498,0.533,0.732,1.000,0.387,0.321,0.360,0.343,0.288,0.574,0.392,0.399,0.543,0.784,0.550,0.547,0.653,0.664,0.410,0.471,0.796,0.127,0.650,0.666,0.727,0.838,0.567,0.983,0.576,0.613,0.161,0.756,0.548,0.447,0.694,0.761,0.304,0.729,0.802,0.319,0.352,0.695,0.796,0.137,0.703,0.771,0.782,4.05,1.45,1.34,1.10,0,0,0,0,0,1,0,0,0,0
706.5,712.1,0.653,0.790,0.577,0.654,0.430,0.581,0.530,0.818,0.701,0.710,0.658,0.903,0.958,0.828,0.503,0.218,0.551,0.584,0.631,0.650,0.674,0.350,0.575,0.593,0.670,0.811,0.634,0.784,0.624,0.462,0.576,0.471,0.760,0.178,0.671,0.612,0.373,0.255,0.434,0.836,0.576,0.613,0.475,0.323,0.395,0.637,0.860,0.676,0.475,0.983,0.548,0.564,0.720,0.727,0.655,0.400,0.753,0.771,0.801,2.58,2.89,1.45,1.67,0,0,0,0,0,0,1,0,0,0
702.6,709.9,0.364,0.529,0.377,0.654,0.337,0.373,0.348,0.553,0.394,0.429,0.073,0.454,1.000,0.612,0.572,0.218,0.138,0.054,0.115,0.145,0.220,0.301,0.236,0.490,0.712,0.540,0.641,0.665,0.497,0.611,0.410,0.341,0.745,0.239,0.545,0.520,0.580,0.769,0.499,0.839,0.530,0.659,0.249,0.518,0.894,0.330,0.734,0.468,0.293,0.608,0.802,0.462,0.463,0.627,0.603,0.649,0.514,0.693,0.678,3.14,1.05,1.41,0.71,0,0,0,0,0,0,1,0,0,0
704.4,708.6,0.275,0.338,0.000,0.217,0.513,0.512,0.487,0.622,0.462,0.653,0.000,0.188,0.876,0.511,0.000,0.932,0.000,0.022,0.068,0.166,0.228,0.103,0.065,0.500,0.719,0.605,0.687,0.745,0.471,0.497,0.494,0.341,0.733,0.269,0.666,0.658,0.654,0.861,0.175,0.794,0.366,0.737,0.168,0.589,0.898,0.165,0.649,0.492,0.256,0.574,0.826,0.306,0.419,0.592,0.307,0.649,0.324,0.468,0.491,3.16,0.68,1.15,0.68,0,0,0,0,0,0,1,0,0,0
713.0,707.6,0.797,0.772,0.693,0.533,0.381,0.777,0.748,0.746,0.615,0.710,1.000,0.919,0.757,0.860,0.932,0.218,0.700,0.729,0.709,0.713,0.732,0.574,0.727,0.469,0.501,0.698,0.517,0.198,0.338,0.335,0.576,0.596,0.557,0.779,0.133,0.127,0.404,0.129,0.835,0.384,0.797,0.507,0.702,0.218,0.298,0.980,0.482,0.460,0.564,0.384,0.389,0.503,0.723,0.627,0.704,0.526,0.648,0.771,0.741,2.36,2.62,1.42,1.45,0,0,0,0,0,0,1,0,0,0
707.7,704.7,0.294,0.470,0.327,0.261,0.747,0.666,0.636,0.535,0.536,0.485,0.016,0.066,0.916,0.726,0.597,0.966,0.305,0.374,0.413,0.473,0.487,0.194,0.314,0.705,0.607,0.540,0.604,0.466,0.357,0.520,0.441,0.368,0.514,0.325,0.620,0.535,0.459,0.257,0.443,0.691,0.016,0.783,0.592,0.350,0.466,0.538,0.661,0.559,0.465,0.783,0.532,0.550,0.791,0.695,0.164,0.769,0.000,0.344,0.491,2.37,1.17,1.54,0.87,0,0,0,0,0,0,1,0,0,0
701.9,701.5,0.874,0.944,0.801,0.654,0.262,0.589,0.515,0.945,0.701,1.000,0.745,1.000,0.606,0.634,0.714,0.016,0.756,0.832,0.867,0.892,0.910,0.301,0.872,0.854,0.705,0.278,0.508,0.432,0.449,0.466,0.592,0.596,0.768,0.055,0.713,0.658,0.516,0.733,0.332,0.621,0.055,0.661,0.247,0.569,0.906,0.451,0.695,0.550,0.320,0.751,0.903,0.409,0.530,0.627,0.550,0.270,0.753,0.693,0.678,2.26,2.79,1.54,1.47,0,0,0,0,0,0,1,0,0,0
711.7,695.5,0.255,0.391,0.377,0.438,0.535,0.623,0.596,0.466,0.536,0.374,0.000,0.014,0.396,0.174,0.000,0.078,0.200,0.208,0.225,0.284,0.318,0.276,0.134,0.488,0.558,0.192,0.583,0.647,0.781,0.630,0.623,0.940,0.775,0.126,0.872,0.802,0.699,0.889,0.561,0.909,0.036,0.732,0.124,0.725,0.629,0.377,1.000,0.406,0.223,0.639,0.649,0.448,0.352,0.818,0.751,0.526,0.586,0.771,0.859,3.11,1.11,1.12,1.02,0,0,0,0,0,0,1,0,0,0
715.7,696.6,0.312,0.421,0.352,0.481,0.391,0.601,0.573,0.693,0.536,0.710,0.000,0.490,0.606,0.409,0.000,0.150,0.205,0.239,0.233,0.266,0.304,0.301,0.230,0.528,0.522,0.147,0.769,0.670,0.754,0.796,0.517,0.596,0.617,0.169,0.976,0.872,0.717,0.938,0.320,0.835,0.029,0.778,0.051,0.738,0.574,0.417,0.700,0.555,0.023,0.600,0.719,0.432,0.376,0.789,0.603,0.649,0.753,0.796,0.859,2.94,1.22,1.28,0.92,0,0,0,0,0,0,1,0,0,0
713.9,695.6,0.364,0.365,0.213,0.376,0.513,0.564,0.532,0.587,0.615,0.540,0.016,0.364,0.498,0.331,0.194,0.218,0.220,0.255,0.275,0.311,0.341,0.276,0.213,0.479,0.572,0.123,0.680,0.621,0.609,0.709,0.517,0.518,0.787,0.142,0.816,0.782,0.776,0.963,0.576,0.918,0.404,0.789,0.048,0.796,0.640,0.181,0.815,0.415,0.267,0.543,0.696,0.154,0.234,0.759,0.751,0.400,0.429,0.693,0.762,3.31,1.39,1.31,1.08,0,0,0,0,0,0,1,0,0,0
710.4,693.7,0.364,0.510,0.423,0.394,0.326,0.514,0.488,0.347,0.394,0.320,0.000,0.122,0.363,0.003,0.000,0.150,0.144,0.135,0.112,0.119,0.177,0.350,0.129,0.345,0.642,0.170,0.624,0.586,0.576,0.604,0.410,1.000,0.735,0.190,0.822,0.737,0.554,0.820,0.552,0.846,0.027,0.556,0.194,0.566,0.654,0.335,0.715,0.388,0.216,0.585,0.633,0.457,0.478,0.900,0.796,0.400,0.648,0.796,0.931,3.29,1.54,1.30,1.28,0,0,0,0,0,0,1,0,0,0
712.7,693.8,0.453,0.515,0.506,0.350,0.448,0.573,0.546,0.398,0.331,0.374,0.000,0.000,0.569,0.202,0.000,0.697,0.161,0.168,0.156,0.219,0.293,0.250,0.256,0.451,0.579,0.170,0.662,0.707,0.598,0.714,0.517,0.948,0.815,0.149,0.822,0.810,0.721,0.943,0.533,0.890,0.355,0.654,0.072,0.746,0.642,0.224,0.685,0.372,0.266,0.552,0.632,0.415,0.253,1.000,0.796,0.270,0.703,0.796,1.000,3.51,1.42,1.17,1.26,0,0,0,0,0,0,1,0,0,0
644.2,781.7,0.653,0.696,0.740,0.481,0.288,0.506,0.452,0.728,0.615,0.767,0.442,0.821,0.680,0.692,0.487,0.932,0.515,0.543,0.543,0.571,0.597,0.417,0.600,0.595,0.698,0.756,0.780,0.956,0.784,0.350,0.376,0.575,0.854,0.082,0.671,0.686,0.600,0.745,0.620,0.882,0.045,0.485,0.160,0.630,0.824,0.472,0.532,0.540,0.402,0.849,0.867,0.408,0.333,0.662,0.840,0.526,0.875,0.945,0.914,2.81,2.19,1.38,2.06,0,0,0,0,0,0,0,1,0,0
663.2,799.1,0.706,0.814,0.717,0.722,0.202,0.653,0.621,0.854,0.893,0.653,0.650,0.572,0.757,0.693,0.971,0.000,0.389,0.404,0.420,0.440,0.474,0.373,0.467,0.297,0.628,0.605,0.863,0.804,0.605,0.421,0.441,0.596,0.431,0.462,0.569,0.483,0.371,0.166,0.369,0.448,0.009,0.646,0.652,0.254,0.394,0.313,0.558,0.293,0.416,0.620,0.451,0.409,0.809,0.662,0.237,0.649,0.190,0.388,0.491,1.66,1.27,0.75,1.44,0,0,0,0,0,0,0,1,0,0
659.3,793.3,0.395,0.624,0.466,0.464,0.549,0.774,0.747,0.605,0.536,0.320,0.233,0.218,0.363,0.366,0.426,0.000,0.558,0.613,0.665,0.706,0.648,0.417,0.537,0.811,0.670,0.605,0.755,0.731,0.619,0.601,0.517,0.495,0.273,0.448,0.594,0.532,0.595,0.304,0.856,0.445,0.010,0.901,0.600,0.418,0.609,0.652,0.585,0.444,0.486,0.784,0.619,0.550,0.774,0.627,0.237,0.526,0.190,0.344,0.439,0.68,1.66,0.28,1.61,0,0,0,0,0,0,0,1,0,0
657.6,790.8,0.615,0.825,0.639,0.577,0.624,0.714,0.684,0.501,0.462,0.105,0.097,0.022,0.330,0.632,0.792,0.000,0.438,0.492,0.537,0.574,0.573,0.301,0.492,0.539,0.579,0.589,0.799,0.764,0.633,0.606,0.494,0.607,0.585,0.292,0.635,0.562,0.382,0.454,0.807,0.755,0.018,0.821,0.434,0.358,0.488,0.718,0.555,0.389,0.447,0.643,0.527,0.473,0.655,0.293,0.085,0.526,0.000,0.193,0.109,1.02,1.12,0.44,1.58,0,0,0,0,0,0,0,1,0,0
652.5,783.3,0.574,0.552,0.466,0.472,0.618,0.767,0.744,0.854,0.701,0.883,0.894,0.828,0.569,0.634,0.563,0.607,0.438,0.484,0.527,0.570,0.599,0.250,0.511,0.661,0.565,0.784,0.810,1.000,0.810,0.709,0.291,0.495,0.487,0.594,0.326,0.346,0.682,0.655,0.625,0.557,0.839,0.677,0.406,0.546,0.719,0.543,0.609,0.357,0.482,0.319,0.728,0.470,0.386,0.846,0.435,0.649,0.324,0.540,0.720,1.79,1.11,1.21,1.84,0,0,0,0,0,0,0,1,0,0
677.6,795.4,0.529,0.642,0.466,0.288,0.795,0.778,0.761,0.229,0.121,0.158,0.000,0.000,0.000,0.025,0.000,0.078,0.309,0.269,0.278,0.319,0.375,0.373,0.367,0.426,0.621,0.416,0.479,0.581,0.402,0.237,0.494,0.518,0.408,0.222,0.545,0.498,0.395,0.223,0.431,0.572,0.024,0.881,0.655,0.324,0.393,0.456,0.682,0.246,0.017,0.218,0.430,0.227,0.826,0.627,0.237,0.649,0.324,0.429,0.491,0.81,1.22,0.15,1.58,0,0,0,0,0,0,0,1,0,0
671.4,786.3,0.425,0.600,0.466,0.190,0.877,0.842,0.825,0.313,0.218,0.266,0.016,0.036,0.114,0.150,0.005,1.000,0.567,0.542,0.558,0.565,0.454,0.689,0.535,0.551,0.458,0.488,0.248,0.486,0.325,0.075,0.410,0.649,0.602,0.564,0.370,0.368,0.699,0.710,0.379,0.558,0.691,0.639,0.375,0.564,0.757,0.307,0.867,0.341,0.400,0.065,0.829,0.292,0.534,0.789,0.372,0.649,0.324,0.505,0.656,0.36,2.03,0.00,1.62,0,0,0,0,0,0,0,1,0,0
668.9,782.5,0.615,0.694,0.693,0.628,1.000,0.813,0.787,0.640,0.615,0.429,0.832,0.642,0.234,0.773,0.673,0.000,0.681,0.713,0.762,0.792,0.750,0.499,0.655,0.704,0.351,0.573,0.370,0.502,0.455,0.390,0.558,0.530,0.509,0.746,0.169,0.172,0.560,0.367,0.395,0.447,0.840,0.208,0.577,0.385,0.685,0.583,0.389,0.265,0.596,0.090,0.601,0.490,0.406,0.433,0.704,0.649,0.703,0.819,0.678,1.52,2.92,0.91,1.60,0,0,0,0,0,0,0,1,0,0
667.5,780.5,0.574,0.515,0.423,0.323,0.780,0.817,0.797,0.415,0.218,0.540,0.302,0.097,0.330,0.734,0.599,0.820,0.499,0.513,0.571,0.605,0.551,0.460,0.535,0.566,0.465,0.589,0.382,0.581,0.287,0.385,0.558,0.541,0.542,0.590,0.384,0.432,0.818,0.803,0.509,0.596,0.819,0.570,0.314,0.640,0.916,0.545,0.606,0.392,0.413,0.216,0.875,0.330,0.275,0.554,0.494,0.526,0.190,0.505,0.491,0.72,1.09,0.50,2.25,0,0,0,0,0,0,0,1,0,0
688.6,786.7,0.330,0.315,0.148,0.136,0.000,0.538,0.469,0.535,0.615,0.485,0.640,0.270,0.266,0.464,0.744,0.401,0.659,0.697,0.730,0.751,0.733,0.480,0.631,0.997,0.408,0.637,0.326,0.428,0.498,0.307,0.538,0.518,0.000,0.973,0.186,0.094,0.535,0.060,0.227,0.000,0.722,0.347,0.834,0.177,0.432,0.819,0.679,0.032,0.627,0.516,0.218,0.443,0.495,0.516,0.164,0.400,0.000,0.193,0.270,0.51,2.61,1.07,0.61,0,0,0,0,0,0,0,1,0,0
686.4,783.4,0.294,0.441,0.327,0.472,0.202,0.831,0.813,0.518,0.462,0.429,0.000,0.361,0.363,0.425,0.000,1.000,0.499,0.516,0.569,0.617,0.551,0.460,0.481,0.777,0.394,0.621,0.149,0.201,0.000,0.466,0.623,0.628,0.355,0.820,0.094,0.072,0.491,0.092,0.561,0.265,0.864,0.274,0.784,0.176,0.651,0.854,0.358,0.090,0.728,0.182,0.363,0.471,0.454,0.554,0.237,0.649,0.429,0.468,0.465,0.45,2.41,0.61,1.42,0,0,0,0,0,0,0,1,0,0
684.0,779.9,0.897,0.937,0.882,1.000,0.391,0.826,0.802,0.711,0.615,0.596,0.754,0.893,0.396,0.490,0.518,0.401,0.644,0.691,0.745,0.778,0.766,0.373,0.765,0.468,0.344,0.589,0.220,0.291,0.359,0.230,0.291,0.506,0.431,0.717,0.202,0.182,0.539,0.287,0.428,0.366,0.878,0.331,0.626,0.345,0.664,0.694,0.387,0.203,0.586,0.284,0.536,0.413,0.476,0.433,0.494,0.526,0.586,0.636,0.516,1.11,2.93,0.67,1.48,0,0,0,0,0,0,0,1,0,0
676.9,769.3,0.330,0.552,0.213,0.525,0.635,0.820,0.808,0.535,0.394,0.540,0.000,0.058,0.085,0.272,0.000,1.000,0.186,0.204,0.242,0.263,0.211,0.373,0.199,0.433,0.614,0.556,0.563,0.726,0.362,0.340,0.786,0.669,0.575,0.314,0.724,0.705,0.814,0.889,0.552,0.802,0.550,0.773,0.155,0.710,0.912,0.454,0.311,0.552,0.288,0.595,0.899,0.463,0.329,0.627,0.307,0.649,0.190,0.429,0.491,1.54,0.18,0.75,1.71,0,0,0,0,0,0,0,1,0,0
688.8,760.1,0.118,0.284,0.078,0.199,0.151,0.521,0.486,0.587,0.536,0.320,0.129,0.015,0.173,0.431,0.466,1.000,0.217,0.233,0.295,0.353,0.254,0.373,0.165,0.550,0.607,0.556,0.441,0.652,0.509,0.528,0.517,0.564,0.376,0.445,0.778,0.729,0.908,0.918,0.388,0.487,0.590,0.691,0.100,0.743,1.000,0.506,0.319,0.472,0.001,0.613,0.882,0.404,0.309,0.592,0.085,0.526,0.190,0.247,0.357,1.49,0.23,0.83,2.06,0,0,0,0,0,0,0,1,0,0
686.5,756.8,0.552,0.608,0.466,0.314,0.562,0.818,0.801,0.364,0.331,0.374,0.709,0.437,0.298,0.654,0.471,0.966,0.350,0.402,0.456,0.519,0.442,0.350,0.417,0.482,0.565,0.540,0.466,0.634,0.489,0.560,0.538,0.495,0.496,0.439,0.656,0.662,0.944,0.894,0.118,0.515,0.504,0.892,0.174,0.773,0.954,0.350,0.639,0.558,0.002,0.578,0.954,0.386,0.331,0.554,0.085,0.526,0.000,0.193,0.300,1.31,0.29,1.32,2.34,0,0,0,0,0,0,0,1,0,0
683.7,752.7,0.479,0.508,0.423,0.332,0.401,0.604,0.563,0.640,0.394,0.710,0.970,0.838,0.464,0.583,0.462,0.078,0.406,0.459,0.517,0.529,0.378,0.519,0.424,0.461,0.579,0.470,0.560,0.779,0.520,0.327,0.558,0.433,0.553,0.414,0.535,0.535,0.774,0.790,0.255,0.540,0.531,0.575,0.258,0.653,0.825,0.496,0.378,0.490,0.405,0.634,0.820,0.460,0.428,0.554,0.237,0.526,0.324,0.388,0.412,1.58,1.35,0.98,1.77,0,0,0,0,0,0,0,1,0,0
682.0,750.2,0.615,0.858,0.693,0.602,0.000,0.589,0.559,0.587,0.394,0.596,0.347,0.066,0.330,0.658,0.787,0.781,0.146,0.211,0.262,0.267,0.275,0.250,0.220,0.193,0.600,0.452,0.722,0.794,0.460,0.649,0.779,0.552,0.737,0.147,0.692,0.705,0.632,0.807,0.248,0.770,0.032,0.845,0.224,0.639,0.722,0.343,0.647,0.583,0.330,0.627,0.857,0.414,0.494,0.759,0.882,0.526,0.909,0.982,1.000,2.74,1.33,1.04,1.37,0,0,0,0,0,0,0,1,0,0
697.2,745.8,0.634,0.742,0.667,0.705,0.448,0.744,0.712,0.640,0.394,0.767,0.758,0.392,0.363,0.903,0.847,0.859,0.537,0.613,0.671,0.717,0.703,0.250,0.654,0.837,0.550,0.359,0.669,0.679,0.532,0.510,0.441,0.518,0.755,0.170,0.579,0.596,0.637,0.733,0.381,0.773,0.029,0.632,0.293,0.623,0.709,0.404,0.435,0.632,0.264,0.674,0.847,0.545,0.552,0.554,1.000,0.526,0.797,0.982,0.896,2.64,2.58,1.32,2.07,0,0,0,0,0,0,0,1,0,0
705.0,739.5,0.395,0.549,0.272,0.358,0.025,0.554,0.517,0.675,0.536,0.429,0.073,0.133,0.835,0.358,0.000,1.000,0.234,0.295,0.364,0.445,0.478,0.070,0.312,0.671,0.529,0.319,0.740,0.774,0.589,0.443,0.376,0.792,0.813,0.071,0.740,0.769,0.572,0.717,0.408,0.759,0.049,0.637,0.177,0.611,0.787,0.538,0.803,0.623,0.315,0.864,0.817,0.511,0.438,0.789,0.307,0.526,0.703,0.606,0.720,2.99,1.27,1.25,1.30,0,0,0,0,0,0,0,1,0,0
11.9,1057.0,0.745,0.608,0.543,0.341,0.169,0.512,0.480,0.782,0.536,0.710,0.736,0.406,0.757,0.774,0.679,0.896,0.100,0.137,0.235,0.323,0.386,0.000,0.402,0.321,0.663,1.000,0.641,0.594,0.692,0.928,0.494,0.160,0.898,0.035,0.929,0.906,0.820,0.989,0.485,0.860,0.399,0.208,0.000,0.971,0.748,0.357,0.529,0.440,0.522,0.573,0.934,0.000,0.108,0.475,0.550,0.000,0.514,0.505,0.439,3.79,1.29,0.72,0.30,0,0,0,0,0,0,0,0,1,0
21.7,1055.0,0.797,0.867,0.852,0.739,0.448,0.413,0.341,0.963,0.701,1.000,0.762,0.917,0.718,0.400,0.590,0.047,0.438,0.513,0.582,0.637,0.648,0.135,0.579,0.448,0.746,0.668,0.669,0.607,0.591,0.977,0.662,0.299,0.802,0.272,0.491,0.491,0.802,0.870,0.632,0.833,0.496,0.478,0.102,0.755,0.594,0.508,0.545,0.595,0.363,0.724,0.791,0.505,0.246,0.695,0.882,0.270,0.875,0.925,0.914,2.69,3.14,1.42,2.12,0,0,0,0,0,0,0,0,1,0
18.8,1055.3,0.439,0.628,0.466,0.551,0.381,0.343,0.320,0.908,0.701,0.941,0.862,0.905,0.718,0.884,0.810,0.016,0.111,0.137,0.109,0.157,0.159,0.326,0.168,0.323,0.774,0.573,0.851,0.760,0.688,0.798,0.608,0.341,0.884,0.045,0.772,0.761,0.668,0.928,0.524,0.914,0.354,0.320,0.000,0.816,0.590,0.503,0.525,0.419,0.509,0.720,0.759,0.161,0.081,0.662,0.840,0.137,0.797,0.842,0.821,3.20,2.35,1.29,1.67,0,0,0,0,0,0,0,0,1,0
8.8,1056.3,0.615,0.540,0.300,0.243,0.000,0.404,0.358,0.963,0.701,1.000,0.979,0.874,0.835,0.876,0.871,0.344,0.246,0.308,0.370,0.415,0.408,0.222,0.318,0.328,0.753,0.742,1.000,0.881,0.933,1.000,0.000,0.255,0.829,0.227,0.889,0.885,0.962,0.974,0.671,0.858,0.507,0.265,0.000,0.910,0.647,0.472,0.452,0.345,0.400,0.607,0.804,0.045,0.000,0.592,0.751,0.000,0.648,0.693,0.656,3.15,2.47,0.87,1.68,0,0,0,0,0,0,0,0,1,0
21.6,1043.9,0.689,0.491,0.609,0.654,0.439,0.476,0.423,0.908,0.615,0.883,0.664,0.662,0.569,0.695,0.695,0.781,0.377,0.441,0.501,0.567,0.562,0.194,0.419,0.361,0.600,0.397,0.604,0.547,0.589,0.680,0.494,0.193,0.999,0.000,0.850,0.851,0.440,0.989,0.330,0.753,0.374,0.090,0.000,1.000,0.682,0.319,0.471,0.446,0.324,0.581,0.898,0.116,0.140,0.727,0.923,0.270,0.875,0.945,0.949,3.23,2.36,1.31,1.99,0,0,0,0,0,0,0,0,1,0
19.6,1044.1,0.605,0.620,0.667,0.739,0.588,0.626,0.600,0.746,0.536,0.767,0.000,0.053,0.643,0.530,0.115,0.932,0.116,0.144,0.208,0.284,0.345,0.103,0.203,0.268,0.635,0.257,0.744,0.764,0.710,0.735,0.685,0.421,0.854,0.098,1.000,1.000,0.962,1.000,0.380,0.847,0.350,0.556,0.000,0.996,0.666,0.222,0.651,0.383,0.036,0.506,0.889,0.018,0.120,0.727,0.840,0.270,0.753,0.842,0.859,3.38,2.05,0.97,1.63,0,0,0,0,0,0,0,0,1,0
12.6,1044.9,0.235,0.381,0.243,0.270,0.575,0.516,0.490,0.818,0.615,0.767,0.307,0.318,0.796,0.466,0.000,0.966,0.016,0.058,0.121,0.157,0.171,0.194,0.000,0.429,0.621,0.236,0.594,0.581,0.692,0.770,0.674,0.327,0.815,0.173,0.794,0.839,0.997,0.958,0.447,0.907,0.447,0.582,0.000,0.967,0.604,0.245,0.657,0.431,0.263,0.676,0.911,0.095,0.181,0.627,0.550,0.137,0.324,0.468,0.516,3.66,1.17,0.79,0.49,0,0,0,0,0,0,0,0,1,0
10.8,1037.0,0.574,0.456,0.300,0.568,0.337,0.516,0.471,0.746,0.462,0.767,0.351,0.453,0.680,0.209,0.479,0.932,0.376,0.401,0.444,0.485,0.473,0.350,0.503,0.587,0.663,0.236,0.607,0.523,0.643,0.548,0.538,0.483,0.885,0.096,0.822,0.835,0.761,0.884,0.323,0.863,0.042,0.238,0.011,0.824,0.532,0.343,0.609,0.528,0.309,0.793,0.805,0.304,0.262,0.789,0.882,0.400,0.429,0.771,0.840,3.37,1.70,0.94,1.17,0,0,0,0,0,0,0,0,1,0
210.5,2208.8,0.505,0.561,0.543,0.217,0.807,0.997,0.998,0.163,0.077,0.105,0.000,0.004,0.085,0.052,0.000,0.283,0.460,0.429,0.462,0.466,0.309,0.657,0.443,0.337,1.000,0.916,0.349,0.573,0.551,0.355,0.441,0.127,0.448,0.347,0.560,0.581,0.789,0.729,0.778,0.637,0.015,0.911,0.330,0.698,0.604,0.539,0.555,0.544,0.377,0.657,0.718,0.495,0.593,0.695,0.237,0.526,0.000,0.297,0.465,1.25,0.53,1.18,1.97,0,0,0,0,0,0,0,0,0,1
206.6,2208.4,0.874,0.924,0.954,0.739,0.630,1.000,1.000,0.313,0.394,0.212,0.544,0.537,0.234,0.120,0.000,0.456,0.558,0.565,0.603,0.625,0.487,0.641,0.737,0.245,0.719,0.742,0.712,0.707,0.521,0.407,0.376,0.056,0.553,0.448,0.635,0.615,0.879,0.918,0.377,0.515,0.010,0.540,0.136,0.775,0.688,0.285,0.437,0.645,0.282,0.540,0.882,0.519,0.438,0.554,0.603,0.649,0.429,0.665,0.611,1.36,1.94,0.92,1.94,0,0,0,0,0,0,0,0,0,1
204.5,2208.1,0.768,0.988,0.921,0.739,0.489,0.985,0.985,0.605,0.701,0.540,0.385,0.714,0.363,0.228,0.140,0.283,0.505,0.501,0.536,0.544,0.404,0.641,0.639,0.274,0.621,0.637,0.832,0.804,0.847,0.372,0.410,0.144,0.595,0.467,0.545,0.539,0.911,0.908,0.672,0.678,0.646,0.751,0.183,0.783,0.710,0.527,0.636,0.642,0.389,0.414,0.935,0.443,0.423,0.516,0.603,0.769,0.586,0.746,0.656,1.42,1.40,1.51,1.91,0,0,0,0,0,0,0,0,0,1
209.2,2201.6,0.517,0.555,0.624,0.394,0.678,0.813,0.796,0.415,0.394,0.429,0.032,0.010,0.396,0.229,0.000,0.032,0.410,0.409,0.426,0.450,0.306,0.591,0.378,0.286,0.558,0.652,0.428,0.656,0.664,0.310,0.538,0.368,0.496,0.338,0.656,0.666,0.736,0.807,0.721,0.683,0.015,0.869,0.271,0.675,0.613,0.505,0.441,0.521,0.360,0.497,0.679,0.491,0.565,0.727,0.435,0.526,0.000,0.429,0.564,1.43,0.83,1.04,1.76,0,0,0,0,0,0,0,0,0,1
207.2,2201.4,0.380,0.515,0.506,0.637,0.555,0.884,0.875,0.501,0.536,0.540,0.619,0.469,0.534,0.417,0.581,0.150,0.406,0.393,0.425,0.426,0.277,0.608,0.381,0.429,0.529,0.589,0.460,0.581,0.655,0.561,0.576,0.239,0.458,0.447,0.740,0.662,0.953,0.799,0.744,0.509,0.010,0.597,0.265,0.796,0.753,0.509,0.499,0.597,0.389,0.702,0.836,0.553,0.532,0.554,0.164,0.769,0.000,0.344,0.385,1.47,0.72,1.53,1.70,0,0,0,0,0,0,0,0,0,1
205.2,2201.2,0.697,0.713,0.593,0.739,0.401,0.718,0.685,0.640,0.615,0.653,0.270,0.636,0.430,0.289,0.332,0.078,0.581,0.603,0.632,0.654,0.590,0.556,0.667,0.548,0.465,0.523,0.583,0.707,0.773,0.769,0.469,0.209,0.635,0.357,0.449,0.458,0.742,0.721,0.744,0.645,0.561,0.779,0.331,0.657,0.574,0.645,0.658,0.586,0.454,0.620,0.755,0.421,0.534,0.433,0.603,0.769,0.000,0.606,0.491,1.62,1.54,1.33,1.65,0,0,0,0,0,0,0,0,0,1
210.4,2188.6,0.671,0.803,0.639,0.438,0.712,0.923,0.915,0.347,0.462,0.212,0.000,0.086,0.143,0.103,0.000,0.032,0.493,0.503,0.541,0.553,0.403,0.625,0.584,0.366,0.663,0.470,0.476,0.543,0.589,0.578,0.494,0.193,0.420,0.394,0.650,0.631,0.878,0.786,0.790,0.557,0.012,0.764,0.251,0.745,0.738,0.608,0.567,0.600,0.406,0.729,0.817,0.503,0.508,0.592,0.237,0.769,0.000,0.388,0.439,1.46,0.83,1.16,1.99,0,0,0,0,0,0,0,0,0,1
207.6,2188.3,0.634,0.729,0.801,0.217,0.569,0.855,0.835,0.605,0.701,0.374,0.813,0.564,0.534,0.348,0.210,0.000,0.667,0.701,0.749,0.763,0.668,0.608,0.754,0.803,0.458,0.397,0.590,0.656,0.599,0.551,0.494,0.127,0.501,0.574,0.560,0.520,0.878,0.820,0.646,0.471,0.602,0.572,0.263,0.736,0.702,0.465,0.350,0.661,0.331,0.550,0.916,0.477,0.487,0.293,0.435,0.270,0.000,0.344,0.208,0.80,1.77,1.70,1.54,0,0,0,0,0,0,0,0,0,1
205.6,2188.1,0.689,0.664,0.525,0.252,0.439,0.804,0.772,0.764,0.615,0.767,0.945,0.911,0.464,0.461,0.666,0.000,0.752,0.806,0.858,0.885,0.814,0.537,0.767,0.805,0.271,0.488,0.511,0.661,0.485,0.532,0.538,0.177,0.482,0.734,0.278,0.263,0.698,0.554,0.484,0.380,0.811,0.325,0.488,0.544,0.613,0.501,0.464,0.469,0.453,0.189,0.689,0.419,0.474,0.241,0.494,0.137,0.000,0.344,0.175,1.77,2.76,1.19,1.05,0,0,0,0,0,0,0,0,0,1
209.6,2178.5,0.433,0.583,0.553,0.394,0.668,0.839,0.826,0.415,0.462,0.266,0.000,0.014,0.363,0.129,0.000,0.509,0.345,0.352,0.355,0.345,0.264,0.537,0.426,0.502,0.415,0.319,0.410,0.474,0.485,0.445,0.410,0.177,0.473,0.369,0.540,0.547,0.757,0.717,0.628,0.589,0.597,0.903,0.377,0.656,0.716,0.387,0.413,0.656,0.358,0.410,0.841,0.375,0.603,0.433,0.237,0.400,0.000,0.247,0.239,0.97,0.56,1.69,1.92,0,0,0,0,0,0,0,0,0,1
207.7,2178.3,0.574,0.683,0.693,0.481,0.594,0.838,0.820,0.800,0.615,0.825,0.579,0.244,0.464,0.190,0.566,0.000,0.545,0.557,0.577,0.565,0.527,0.574,0.523,0.453,0.337,0.170,0.419,0.466,0.459,0.411,0.798,0.628,0.550,0.484,0.540,0.498,0.804,0.634,0.469,0.606,0.513,0.590,0.435,0.650,0.733,0.391,0.443,0.744,0.388,0.575,0.919,0.363,0.663,0.727,0.435,0.769,0.190,0.540,0.634,1.50,1.69,1.53,1.49,0,0,0,0,0,0,0,0,0,1
205.7,2178.1,0.653,0.730,0.801,0.739,0.505,0.817,0.787,0.605,0.615,0.540,0.918,0.775,0.534,0.290,0.546,0.000,0.793,0.834,0.860,0.857,0.793,0.673,0.787,0.796,0.162,0.319,0.472,0.350,0.482,0.445,0.772,0.541,0.437,0.660,0.407,0.343,0.804,0.655,0.167,0.458,0.761,0.128,0.429,0.630,0.756,0.477,0.309,0.525,0.411,0.433,0.734,0.389,0.507,0.592,0.704,0.400,0.429,0.665,0.634,1.91,2.54,1.33,1.42,0,0,0,0,0,0,0,0,0,1
212.0,2165.7,0.425,0.563,0.506,0.350,0.582,0.810,0.794,0.432,0.394,0.266,0.539,0.332,0.143,0.439,0.042,0.218,0.408,0.415,0.417,0.376,0.236,0.641,0.426,0.419,0.565,0.397,0.457,0.498,0.719,0.510,0.469,0.193,0.442,0.346,0.661,0.635,0.838,0.820,0.501,0.568,0.601,0.671,0.219,0.746,0.673,0.462,0.469,0.597,0.393,0.682,0.832,0.449,0.497,0.433,0.164,0.649,0.000,0.297,0.270,1.28,0.37,1.94,2.04,0,0,0,0,0,0,0,0,0,1
210.0,2165.5,0.168,0.347,0.243,0.288,0.481,0.806,0.786,0.449,0.331,0.429,0.784,0.619,0.266,0.673,0.608,0.859,0.503,0.514,0.525,0.512,0.239,0.762,0.428,0.514,0.480,0.434,0.547,0.594,0.660,0.773,0.469,0.056,0.362,0.631,0.574,0.506,0.916,0.778,0.276,0.346,0.691,0.706,0.356,0.743,0.756,0.311,0.360,0.606,0.384,0.268,0.931,0.325,0.556,0.293,0.085,0.769,0.000,0.297,0.176,1.08,0.93,1.87,1.73,0,0,0,0,0,0,0,0,0,1
965.4,2358.0,0.671,0.591,0.445,0.036,0.288,0.613,0.566,0.908,0.615,0.941,0.139,0.263,0.569,0.411,0.467,0.401,0.555,0.597,0.621,0.668,0.678,0.350,0.620,0.650,0.753,0.506,0.460,0.956,0.619,0.461,0.517,0.270,0.473,0.306,0.463,0.428,0.448,0.211,0.094,0.596,0.017,0.520,0.664,0.343,0.421,0.415,0.292,0.478,0.579,0.548,0.476,0.545,0.829,0.433,0.237,0.769,0.000,0.388,0.329,1.03,1.42,2.16,1.24,0,0,0,0,0,0,0,0,0,0
969.5,2336.3,0.380,0.466,0.272,0.394,0.133,0.542,0.497,0.963,0.793,0.941,0.746,0.608,0.330,0.614,0.855,0.000,0.450,0.469,0.471,0.505,0.488,0.460,0.475,0.692,0.586,0.488,0.870,0.994,0.977,0.466,0.538,0.193,0.317,0.484,0.430,0.385,0.462,0.047,0.000,0.482,0.009,0.674,0.852,0.191,0.281,0.303,0.410,0.338,0.596,0.351,0.286,0.372,0.933,0.475,0.000,0.769,0.000,0.247,0.270,0.79,1.15,2.11,1.58,0,0,0,0,0,0,0,0,0,0
965.5,2336.8,0.453,0.626,0.560,0.525,0.497,0.777,0.762,0.570,0.462,0.429,0.000,0.003,0.396,0.197,0.000,0.896,0.258,0.243,0.209,0.264,0.170,0.499,0.262,0.290,0.593,0.452,0.276,0.552,0.238,0.157,0.779,0.144,0.333,0.236,0.402,0.396,0.467,0.117,0.254,0.573,0.022,0.828,0.781,0.298,0.407,0.230,0.594,0.473,0.511,0.306,0.418,0.523,0.887,0.433,0.000,0.769,0.000,0.247,0.239,0.76,0.99,2.53,1.66,0,0,0,0,0,0,0,0,0,0
968.2,2320.3,0.671,0.545,0.639,0.464,0.301,0.584,0.552,0.836,0.793,0.825,0.680,0.519,0.606,0.586,0.479,0.456,0.287,0.314,0.319,0.362,0.366,0.349,0.334,0.178,0.663,0.452,0.198,0.153,0.280,0.183,0.733,0.530,0.362,0.465,0.453,0.382,0.441,0.110,0.306,0.502,0.009,0.552,0.757,0.258,0.378,0.383,0.314,0.394,0.532,0.255,0.371,0.471,0.880,0.475,0.085,0.769,0.324,0.388,0.357,0.71,0.99,2.37,1.69,0,0,0,0,0,0,0,0,0,0
960.0,2321.4,0.425,0.597,0.466,0.288,0.169,0.556,0.499,0.945,0.793,0.825,0.761,0.525,0.266,0.539,0.644,0.000,0.567,0.631,0.648,0.679,0.681,0.373,0.527,0.793,0.465,0.123,0.334,0.207,0.370,0.345,0.538,0.074,0.099,0.648,0.366,0.277,0.513,0.035,0.438,0.248,0.003,0.611,0.888,0.156,0.341,0.660,0.313,0.252,0.955,0.269,0.281,0.394,0.933,0.695,0.000,0.400,0.000,0.070,0.357,1.88,2.31,1.39,1.02,0,0,0,0,0,0,0,0,0,0
962.5,2279.7,0.347,0.381,0.213,0.199,0.370,0.501,0.467,0.622,0.615,0.540,0.275,0.556,0.298,0.087,0.000,0.401,0.216,0.260,0.262,0.286,0.317,0.301,0.148,0.410,0.501,0.123,0.367,0.285,0.394,0.509,0.538,0.299,0.283,0.440,0.574,0.539,0.672,0.359,0.540,0.378,0.010,1.000,0.631,0.495,0.612,0.507,0.688,0.361,0.533,0.317,0.699,0.258,0.823,0.516,0.085,1.000,0.000,0.388,0.385,1.54,0.92,1.50,1.37,0,0,0,0,0,0,0,0,0,0
957.6,2280.4,0.574,0.604,0.466,0.217,0.712,0.835,0.819,0.728,0.536,0.767,0.813,0.504,0.396,0.416,0.750,0.966,0.411,0.463,0.497,0.537,0.557,0.276,0.451,0.549,0.430,0.278,0.547,0.518,0.309,0.960,0.558,0.193,0.115,0.621,0.412,0.410,0.631,0.211,0.566,0.350,0.004,0.955,0.718,0.389,0.545,0.684,0.489,0.519,0.757,0.477,0.502,0.630,0.853,0.186,0.085,0.886,0.000,0.344,0.142,0.76,2.07,1.37,1.45,0,0,0,0,0,0,0,0,0,0
952.1,2259.9,0.706,0.824,0.693,0.288,0.630,0.844,0.822,0.927,0.615,0.941,0.382,0.873,0.606,0.651,0.620,0.859,0.666,0.745,0.749,0.762,0.771,0.417,0.746,0.815,0.494,0.236,0.214,0.174,0.220,0.922,0.741,0.541,0.146,0.785,0.335,0.277,0.544,0.014,0.507,0.197,0.000,0.390,0.950,0.098,0.173,0.692,0.442,0.217,0.720,0.227,0.153,0.495,0.981,0.241,0.704,0.400,0.648,0.746,0.516,1.74,3.26,1.24,1.67,0,0,0,0,0,0,0,0,0,0
945.7,2260.8,0.425,0.659,0.577,0.411,0.233,0.505,0.416,0.764,0.536,0.825,0.679,0.390,0.498,0.547,0.225,0.000,0.714,0.781,0.814,0.809,0.592,0.789,0.677,0.720,0.372,0.278,0.256,0.064,0.302,0.490,0.623,0.541,0.396,0.854,0.145,0.149,0.486,0.104,0.959,0.204,0.882,0.410,0.766,0.213,0.455,1.000,0.295,0.246,0.825,0.233,0.332,0.606,0.772,0.433,0.372,0.400,0.190,0.388,0.329,1.50,2.87,1.41,0.89,0,0,0,0,0,0,0,0,0,0
949.2,2221.0,0.214,0.462,0.327,0.145,0.456,0.463,0.405,0.675,0.394,0.767,0.000,0.450,0.430,0.237,0.000,0.781,0.575,0.577,0.531,0.508,0.468,0.689,0.487,0.652,0.444,0.397,0.192,0.162,0.229,0.183,0.608,0.313,0.210,0.702,0.393,0.318,0.782,0.517,0.563,0.373,0.869,0.496,0.540,0.583,0.652,0.607,0.672,0.475,0.462,0.261,0.743,1.000,0.528,0.475,0.000,0.769,0.000,0.247,0.270,1.49,2.10,1.58,0.61,0,0,0,0,0,0,0,0,0,0
940.3,2222.2,0.653,0.697,0.693,0.499,0.803,0.910,0.901,0.872,0.615,0.883,0.546,0.867,0.718,0.465,0.000,0.283,0.548,0.602,0.560,0.553,0.503,0.608,0.562,0.371,0.444,0.416,0.110,0.127,0.406,0.070,0.517,0.446,0.437,0.766,0.198,0.189,0.624,0.361,0.245,0.331,0.900,0.367,0.603,0.447,0.554,0.450,0.529,0.263,0.619,0.135,0.580,0.807,0.413,0.241,0.000,0.649,0.429,0.344,0.175,0.46,2.66,0.79,0.98,0,0,0,0,0,0,0,0,0,0
939.0,2184.0,0.168,0.297,0.213,0.394,0.702,0.927,0.916,0.711,0.615,0.653,0.286,0.363,0.876,0.308,0.420,0.966,0.688,0.730,0.740,0.756,0.696,0.608,0.591,0.936,0.372,0.452,0.027,0.066,0.486,0.493,0.705,0.421,0.023,0.959,0.106,0.037,0.524,0.032,0.200,0.074,0.846,0.136,0.890,0.122,0.437,0.658,0.408,0.074,0.681,0.000,0.221,0.677,0.508,0.241,0.307,0.270,0.648,0.505,0.300,1.16,2.75,1.06,1.50,0,0,0,0,0,0,0,0,0,0
906.3,2188.6,0.680,0.737,0.639,0.637,0.513,0.557,0.509,0.854,0.615,0.825,0.772,0.800,0.757,0.792,0.774,0.509,0.540,0.570,0.536,0.543,0.549,0.537,0.532,0.331,0.322,0.434,0.047,0.056,0.581,0.653,0.637,0.255,0.458,0.915,0.045,0.009,0.406,0.045,0.442,0.317,0.912,0.224,0.812,0.065,0.656,0.764,0.369,0.066,0.649,0.348,0.214,0.604,0.512,0.128,0.550,0.400,0.514,0.636,0.357,1.50,3.49,1.22,1.69,0,0,0,0,0,0,0,0,0,0
906.5,2175.5,0.540,0.619,0.445,0.252,0.756,0.960,0.951,0.693,0.462,0.767,0.723,0.377,0.298,0.705,0.737,0.456,0.814,0.845,0.855,0.871,0.829,0.657,0.775,0.944,0.177,0.523,0.072,0.022,0.592,0.738,0.441,0.056,0.173,1.000,0.094,0.034,0.453,0.043,0.385,0.223,0.836,0.402,0.835,0.109,0.421,0.874,0.584,0.000,0.547,0.293,0.158,0.582,0.390,0.241,0.550,0.400,0.324,0.540,0.329,1.24,3.04,1.01,1.54,0,0,0,0,0,0,0,0,0,0
901.5,2176.2,0.275,0.542,0.300,0.411,0.505,0.624,0.566,0.693,0.615,0.710,0.510,0.575,0.396,0.238,0.000,0.966,0.681,0.731,0.785,0.808,0.749,0.499,0.609,0.985,0.329,0.506,0.113,0.064,0.537,0.621,0.517,0.092,0.317,0.872,0.094,0.069,0.454,0.068,0.488,0.251,0.835,0.033,0.797,0.159,0.461,0.832,0.432,0.218,0.778,0.317,0.286,0.434,0.693,0.293,0.307,0.400,0.000,0.297,0.176,0.76,2.90,1.19,0.83,0,0,0,0,0,0,0,0,0,0
937.7,2138.8,0.625,0.729,0.751,0.376,0.497,0.817,0.800,0.982,0.701,1.000,0.542,0.510,0.464,0.380,0.499,0.697,0.508,0.507,0.493,0.490,0.490,0.556,0.540,0.422,0.394,0.319,0.265,0.195,0.548,0.307,0.441,0.368,0.254,0.744,0.326,0.273,0.699,0.401,0.314,0.282,0.841,0.508,0.598,0.468,0.780,0.630,0.491,0.286,0.569,0.211,0.688,0.783,0.599,0.433,0.494,0.526,0.703,0.693,0.564,1.74,2.51,1.52,1.44,0,0,0,0,0,0,0,0,0,0
925.8,2140.4,0.671,0.699,0.593,0.464,0.448,0.837,0.820,0.908,0.701,0.883,0.698,0.587,0.498,0.699,0.726,0.509,0.533,0.534,0.525,0.550,0.567,0.499,0.520,0.356,0.344,0.359,0.107,0.138,0.457,0.584,0.558,0.110,0.505,0.783,0.118,0.110,0.453,0.168,0.570,0.356,0.892,0.305,0.690,0.243,0.575,0.735,0.391,0.207,0.848,0.210,0.394,0.472,0.598,0.241,0.704,0.526,0.753,0.819,0.588,1.26,3.19,1.37,1.40,0,0,0,0,0,0,0,0,0,0
929.7,2093.4,0.364,0.478,0.213,0.376,0.646,0.826,0.802,1.000,0.793,0.941,0.823,0.656,0.534,0.626,0.612,0.078,0.701,0.721,0.737,0.749,0.691,0.641,0.675,0.925,0.329,0.339,0.203,0.177,0.323,0.398,0.637,0.000,0.222,0.918,0.190,0.127,0.502,0.125,0.499,0.174,0.937,0.140,0.747,0.218,0.635,0.766,0.435,0.049,0.667,0.162,0.384,0.283,0.453,0.388,0.435,0.400,0.514,0.540,0.413,1.53,2.75,1.25,1.00,0,0,0,0,0,0,0,0,0,0
923.3,2094.3,0.529,0.593,0.506,0.217,0.772,0.792,0.765,0.432,0.394,0.540,0.046,0.347,0.363,0.398,0.265,0.932,0.634,0.663,0.687,0.706,0.671,0.537,0.626,0.736,0.279,0.397,0.120,0.074,0.486,0.477,0.410,0.313,0.431,0.859,0.075,0.056,0.425,0.091,0.592,0.352,0.957,0.199,0.756,0.171,0.520,0.724,0.434,0.094,0.749,0.164,0.330,0.482,0.429,0.433,0.603,0.526,0.190,0.574,0.465,1.12,2.74,1.03,0.98,0,0,0,0,0,0,0,0,0,0
926.2,2064.6,0.563,0.547,0.639,0.481,0.133,0.392,0.318,0.147,0.394,0.000,0.000,0.986,0.173,0.029,0.000,0.966,0.539,0.562,0.576,0.601,0.626,0.417,0.548,0.634,0.437,0.278,0.268,0.420,0.338,0.432,0.441,0.284,0.254,0.650,0.326,0.311,0.641,0.223,0.508,0.355,0.003,0.733,0.715,0.368,0.707,0.707,0.600,0.370,0.751,0.321,0.643,0.422,0.819,0.662,0.435,0.526,0.000,0.429,0.516,1.28,1.99,1.41,0.51,0,0,0,0,0,0,0,0,0,0
921.3,2065.3,0.410,0.594,0.352,0.499,0.465,0.479,0.427,0.000,0.000,0.105,0.000,0.001,0.028,0.000,0.000,0.896,0.439,0.457,0.492,0.509,0.547,0.350,0.446,0.693,0.458,0.319,0.174,0.189,0.475,0.335,0.733,0.313,0.099,0.789,0.321,0.222,0.564,0.197,0.378,0.322,0.889,0.567,0.704,0.317,0.652,0.459,0.545,0.327,0.718,0.317,0.522,0.451,0.691,0.186,0.164,0.270,0.000,0.134,0.000,1.05,1.94,1.72,0.39,0,0,0,0,0,0,0,0,0,0
923.6,2060.0,0.294,0.341,0.327,0.036,0.113,0.421,0.333,0.049,0.218,0.000,0.016,0.502,0.085,0.080,0.045,1.000,0.641,0.673,0.696,0.725,0.733,0.439,0.550,0.907,0.387,0.214,0.291,0.315,0.342,0.619,0.410,0.224,0.309,0.630,0.287,0.298,0.491,0.069,0.355,0.410,0.004,0.795,0.822,0.213,0.366,0.537,0.541,0.369,0.636,0.221,0.413,0.476,0.906,0.388,0.164,0.400,0.000,0.193,0.176,1.44,2.27,1.67,0.17,0,0,0,0,0,0,0,0,0,0
